run_id,timestamp,status,rung,stage,item_tower_mode,batch_size,negatives,logq,embed_dim,seed,split_version,candidate_universe,auc_impression,mrr,ndcg5,ndcg10,recall10,recall50,recall100,ndcg50,coverage,gini,cold_recall50_restricted,cold_recall50_fullcorpus,cold_share_topk,ece,brier,train_minutes,peak_vram_mb,machine,git_commit,config_json,notes
smoke_runlog_001,2026-09-07T20:24:21,success,SMOKE,runlog,,,,,,,,full_corpus,,,,,,,,,,,,,,,,,,buland-HP-Pavilion-Gaming-Laptop-15-dk1xxx,,"{""purpose"": ""verify append-only run log schema""}",dummy row written before first real experiment
r0a_002,2026-09-07T20:25:09,success,R0a,retrieval,none,,none,False,,0,split_v1,full_corpus,,,,0.0,0.0,0.0024258791493453565,0.0029372523528527466,0.0005505650405913912,0.001532848953064165,0.9984671510469358,,,,,,,,buland-HP-Pavilion-Gaming-Laptop-15-dk1xxx,ad5e8c2aee5b777fdeda251e41e380d85781be76,"{""candidate_universe"": ""full_corpus"", ""mode"": ""naive"", ""top_k"": 100}",naive all-time popularity over train split clicks
r0b_003,2026-09-07T20:30:46,success,R0b,retrieval,none,,none,False,,0,split_v1,full_corpus,,,,0.0,0.0,0.0024258791493453565,0.0029372523528527466,0.0005505650405913912,0.001532848953064165,0.9984671510469358,,,,,,,,buland-HP-Pavilion-Gaming-Laptop-15-dk1xxx,ad5e8c2aee5b777fdeda251e41e380d85781be76,"{""candidate_universe"": ""full_corpus"", ""degenerate_empty_window"": true, ""empty_window_fraction"": 1.0, ""empty_window_queries"": 73152, ""mode"": ""recency"", ""top_k"": 100, ""window_hours"": 6}","recency-weighted popularity, trailing 6h, train split clicks only; DEGENERATE: empty recency window, fell back to R0a ranking"
r0b_004,2026-09-07T20:31:40,success,R0b,retrieval,none,,none,False,,0,split_v1,full_corpus,,,,0.0,0.0,0.0024258791493453565,0.0029372523528527466,0.0005505650405913912,0.001532848953064165,0.9984671510469358,,,,,,,,buland-HP-Pavilion-Gaming-Laptop-15-dk1xxx,ad5e8c2aee5b777fdeda251e41e380d85781be76,"{""candidate_universe"": ""full_corpus"", ""degenerate_empty_window"": true, ""empty_window_fraction"": 1.0, ""empty_window_queries"": 73152, ""mode"": ""recency"", ""top_k"": 100, ""window_hours"": 12}","recency-weighted popularity, trailing 12h, train split clicks only; DEGENERATE: empty recency window, fell back to R0a ranking"
r0b_005,2026-09-07T20:32:32,success,R0b,retrieval,none,,none,False,,0,split_v1,full_corpus,,,,0.0,0.0,0.0024258791493453565,0.0029372523528527466,0.0005505650405913912,0.001532848953064165,0.9984671510469358,,,,,,,,buland-HP-Pavilion-Gaming-Laptop-15-dk1xxx,ad5e8c2aee5b777fdeda251e41e380d85781be76,"{""candidate_universe"": ""full_corpus"", ""degenerate_empty_window"": true, ""empty_window_fraction"": 1.0, ""empty_window_queries"": 73152, ""mode"": ""recency"", ""top_k"": 100, ""window_hours"": 24}","recency-weighted popularity, trailing 24h, train split clicks only; DEGENERATE: empty recency window, fell back to R0a ranking"
r0b_006,2026-09-07T20:34:31,success,R0b,retrieval,none,,none,False,,0,split_v1,full_corpus,,,,9.877819107319879e-05,0.00022427552230313316,0.003265129534080701,0.007996933451826222,0.0008404508951442085,0.00585548300070511,0.9981170267128366,,,,,,,,buland-HP-Pavilion-Gaming-Laptop-15-dk1xxx,ad5e8c2aee5b777fdeda251e41e380d85781be76,"{""candidate_universe"": ""full_corpus"", ""mode"": ""recency"", ""top_k"": 100, ""window_hours"": 48}","recency-weighted popularity, trailing 48h, train split clicks only"
r0b_007,2026-09-07T21:49:57,success,R0b,retrieval,none,,none,False,,0,split_v1,full_corpus,,,,0.0,0.0,0.0024258791493453565,0.0029372523528527466,0.0005505650405913912,0.001532848953064165,0.9984671510469358,,,,,,,,buland-HP-Pavilion-Gaming-Laptop-15-dk1xxx,f375a804b3d0bdd1fa9b0eeabf22a5a628c630c9,"{""candidate_universe"": ""full_corpus"", ""empty_window_fraction"": 1.0, ""empty_window_queries"": 73152, ""history_source"": ""train"", ""history_splits"": [""train""], ""mode"": ""recency"", ""n_queries"": 73152, ""top_k"": 100, ""window_hours"": 6}","recency-weighted popularity, trailing 6h, train split clicks only; 73152 empty recency-window queries used the train global popularity fallback"
r0b_008,2026-09-07T21:50:38,success,R0b,retrieval,none,,none,False,,0,split_v1,full_corpus,,,,0.0,0.0,0.0024258791493453565,0.0029372523528527466,0.0005505650405913912,0.001532848953064165,0.9984671510469358,,,,,,,,buland-HP-Pavilion-Gaming-Laptop-15-dk1xxx,f375a804b3d0bdd1fa9b0eeabf22a5a628c630c9,"{""candidate_universe"": ""full_corpus"", ""empty_window_fraction"": 1.0, ""empty_window_queries"": 73152, ""history_source"": ""train"", ""history_splits"": [""train""], ""mode"": ""recency"", ""n_queries"": 73152, ""top_k"": 100, ""window_hours"": 12}","recency-weighted popularity, trailing 12h, train split clicks only; 73152 empty recency-window queries used the train global popularity fallback"
r0b_009,2026-09-07T21:51:19,success,R0b,retrieval,none,,none,False,,0,split_v1,full_corpus,,,,0.0,0.0,0.0024258791493453565,0.0029372523528527466,0.0005505650405913912,0.001532848953064165,0.9984671510469358,,,,,,,,buland-HP-Pavilion-Gaming-Laptop-15-dk1xxx,f375a804b3d0bdd1fa9b0eeabf22a5a628c630c9,"{""candidate_universe"": ""full_corpus"", ""empty_window_fraction"": 1.0, ""empty_window_queries"": 73152, ""history_source"": ""train"", ""history_splits"": [""train""], ""mode"": ""recency"", ""n_queries"": 73152, ""top_k"": 100, ""window_hours"": 24}","recency-weighted popularity, trailing 24h, train split clicks only; 73152 empty recency-window queries used the train global popularity fallback"
r0b_010,2026-09-07T21:53:04,success,R0b,retrieval,none,,none,False,,0,split_v1,full_corpus,,,,9.877819107319879e-05,0.00022427552230313316,0.003265129534080701,0.007996933451826222,0.0008404508951442085,0.00585548300070511,0.9981170267128366,,,,,,,,buland-HP-Pavilion-Gaming-Laptop-15-dk1xxx,f375a804b3d0bdd1fa9b0eeabf22a5a628c630c9,"{""candidate_universe"": ""full_corpus"", ""empty_window_fraction"": 0.0, ""empty_window_queries"": 0, ""history_source"": ""train"", ""history_splits"": [""train""], ""mode"": ""recency"", ""n_queries"": 73152, ""top_k"": 100, ""window_hours"": 48}","recency-weighted popularity, trailing 48h, train split clicks only"
r0b-prior_011,2026-09-07T21:53:47,success,R0b-prior,retrieval,none,,none,False,,0,split_v1,full_corpus,,,,0.013100055232865237,0.025438545944173014,0.05145083607880609,0.07161580557997212,0.019388945329887882,0.0043686195162328705,0.998096159042111,,,,,,,,buland-HP-Pavilion-Gaming-Laptop-15-dk1xxx,f375a804b3d0bdd1fa9b0eeabf22a5a628c630c9,"{""candidate_universe"": ""full_corpus"", ""empty_window_fraction"": 0.8383229440069991, ""empty_window_queries"": 61325, ""history_source"": ""prior"", ""history_splits"": [""train"", ""val""], ""mode"": ""recency"", ""n_queries"": 73152, ""top_k"": 100, ""window_hours"": 6}","recency-weighted popularity, trailing 6h, train+val clicks strictly before each query; 61325 empty recency-window queries used the prior global popularity fallback"
r0b-prior_012,2026-09-07T21:54:37,success,R0b-prior,retrieval,none,,none,False,,0,split_v1,full_corpus,,,,0.013492529494816316,0.035167964894040796,0.09643782978422966,0.1737861463686949,0.027804014606766406,0.00501241607651982,0.9971085362391845,,,,,,,,buland-HP-Pavilion-Gaming-Laptop-15-dk1xxx,f375a804b3d0bdd1fa9b0eeabf22a5a628c630c9,"{""candidate_universe"": ""full_corpus"", ""empty_window_fraction"": 0.31541174540682415, ""empty_window_queries"": 23073, ""history_source"": ""prior"", ""history_splits"": [""train"", ""val""], ""mode"": ""recency"", ""n_queries"": 73152, ""top_k"": 100, ""window_hours"": 12}","recency-weighted popularity, trailing 12h, train+val clicks strictly before each query; 23073 empty recency-window queries used the prior global popularity fallback"
r0b-prior_013,2026-09-07T21:56:18,success,R0b-prior,retrieval,none,,none,False,,0,split_v1,full_corpus,,,,0.0019306866116319391,0.003881291590445134,0.04007973072178404,0.07759672927451258,0.010084643968556925,0.005441613783377786,0.9981503724638559,,,,,,,,buland-HP-Pavilion-Gaming-Laptop-15-dk1xxx,f375a804b3d0bdd1fa9b0eeabf22a5a628c630c9,"{""candidate_universe"": ""full_corpus"", ""empty_window_fraction"": 0.0, ""empty_window_queries"": 0, ""history_source"": ""prior"", ""history_splits"": [""train"", ""val""], ""mode"": ""recency"", ""n_queries"": 73152, ""top_k"": 100, ""window_hours"": 24}","recency-weighted popularity, trailing 24h, train+val clicks strictly before each query"
r0b-prior_014,2026-09-07T21:59:20,success,R0b-prior,retrieval,none,,none,False,,0,split_v1,full_corpus,,,,0.0010443881607203286,0.0021047607764307233,0.012157856328855125,0.03318778060534125,0.0033692729956220305,0.0023452588981881725,0.9983737791513538,,,,,,,,buland-HP-Pavilion-Gaming-Laptop-15-dk1xxx,f375a804b3d0bdd1fa9b0eeabf22a5a628c630c9,"{""candidate_universe"": ""full_corpus"", ""empty_window_fraction"": 0.0, ""empty_window_queries"": 0, ""history_source"": ""prior"", ""history_splits"": [""train"", ""val""], ""mode"": ""recency"", ""n_queries"": 73152, ""top_k"": 100, ""window_hours"": 48}","recency-weighted popularity, trailing 48h, train+val clicks strictly before each query"
r1_015,2026-09-07T22:07:52,failed,R1,retrieval,als,,implicit_click_matrix,False,64,0,split_v1,full_corpus,,,,0.012114967692154649,0.031349694176692595,0.08613352144632078,0.15502349719427874,0.024917242813355327,0.03404457524755511,0.995668045157026,,,,,,1.636567187816642,,buland-HP-Pavilion-Gaming-Laptop-15-dk1xxx,12876818a0028b3b9468831b75dd93811d8f7622,"{""addressability"": {""fraction_test_clicks_reachable_by_als"": 0.01182406650925186, ""fraction_test_queries_with_user_factor"": 0.11466535433070867, ""fraction_unique_test_candidate_items_with_item_factor"": 0.19798845222574035, ""n_addressable_queries"": 1216, ""n_source_dev_users"": 50000, ""n_source_train_dev_user_overlap"": 5943, ""n_source_train_users"": 50000, ""n_split_train_test_user_overlap"": 5530, ""n_test_clicks"": 111383, ""n_test_clicks_reachable_by_als"": 1317, ""n_test_queries"": 73152, ""n_test_queries_with_user_factor"": 8388, ""n_test_warm_items_receiving_any_click"": 363, ""n_unique_test_candidate_items"": 5369, ""n_unique_test_candidate_items_with_item_factor"": 1063}, ""addressable_metrics"": {""coverage"": 0.02608908918115209, ""evaluated_queries"": 0, ""gini"": 0.9903983385329184, ""ndcg"": {""10"": NaN, ""50"": NaN}, ""recall"": {""10"": NaN, ""50"": NaN, ""100"": NaN}}, ""algorithm"": ""implicit_als"", ""alpha"": 40.0, ""candidate_universe"": ""full_corpus"", ""factors"": 64, ""fallback"": {""empty_window_fraction"": 0.31541174540682415, ""empty_window_queries"": 23073, ""history_source"": ""prior"", ""recall50"": 0.09643782978422966, ""run_id"": ""r0b-prior_012"", ""rung"": ""R0b-prior"", ""window_hours"": 12}, ""iterations"": 10, ""regularization"": 0.01, ""seed"": 0, ""top_k"": 100}",ALS applicability diagnostic; full test uses strongest R0b fallback for unknown users and items outside the learned train-window factor set; FAILED/SUPERSEDED: addressable metric slice used mismatched query_id dtypes and evaluated zero queries
r1_016,2026-09-07T22:10:08,success,R1,retrieval,als,,implicit_click_matrix,False,64,0,split_v1,full_corpus,,,,0.012114967692154649,0.031349694176692595,0.08613352144632078,0.15502349719427874,0.024917242813355327,0.03404457524755511,0.995668045157026,,,,,,1.6268615861998115,,buland-HP-Pavilion-Gaming-Laptop-15-dk1xxx,12876818a0028b3b9468831b75dd93811d8f7622,"{""addressability"": {""fraction_test_clicks_reachable_by_als"": 0.01182406650925186, ""fraction_test_queries_with_user_factor"": 0.11466535433070867, ""fraction_unique_test_candidate_items_with_item_factor"": 0.19798845222574035, ""n_addressable_queries"": 1216, ""n_source_dev_users"": 50000, ""n_source_train_dev_user_overlap"": 5943, ""n_source_train_users"": 50000, ""n_split_train_test_user_overlap"": 5530, ""n_test_clicks"": 111383, ""n_test_clicks_reachable_by_als"": 1317, ""n_test_queries"": 73152, ""n_test_queries_with_user_factor"": 8388, ""n_test_warm_items_receiving_any_click"": 363, ""n_unique_test_candidate_items"": 5369, ""n_unique_test_candidate_items_with_item_factor"": 1063}, ""addressable_metrics"": {""coverage"": 0.02608908918115209, ""evaluated_queries"": 1216, ""gini"": 0.9903983385329184, ""ndcg"": {""10"": 0.011407112717315092, ""50"": 0.01676963014962114}, ""recall"": {""10"": 0.013569078947368422, ""50"": 0.03755482456140351, ""100"": 0.057154605263157895}}, ""algorithm"": ""implicit_als"", ""alpha"": 40.0, ""candidate_universe"": ""full_corpus"", ""factors"": 64, ""fallback"": {""empty_window_fraction"": 0.31541174540682415, ""empty_window_queries"": 23073, ""history_source"": ""prior"", ""recall50"": 0.09643782978422966, ""run_id"": ""r0b-prior_012"", ""rung"": ""R0b-prior"", ""window_hours"": 12}, ""iterations"": 10, ""regularization"": 0.01, ""seed"": 0, ""top_k"": 100}",ALS applicability diagnostic; full test uses strongest R0b fallback for unknown users and items outside the learned train-window factor set
r3_017,2026-09-07T22:29:14,failed,R3,training,minilm_frozen_projection,4096,in_batch,False,128,0,split_v1,full_corpus,,,,,,,,,,,,,,,,,,buland-HP-Pavilion-Gaming-Laptop-15-dk1xxx,181fdb70e1c00eccd6a7d8fe217e283eabe50580,"{""amp_dtype"": ""fp16"", ""batch_size"": 4096, ""failure"": ""CUDA OOM during backward""}",FAILED: CUDA OOM at batch size 4096 during R3 backward pass; halving batch size per P2
r3_018,2026-09-07T22:48:41,success,R3,retrieval,minilm_frozen_projection,2048,in_batch,False,128,0,split_v1,full_corpus,0.6211667186712615,0.3322973709318315,0.3136084696089311,0.0008396815252960238,0.0019282257686539185,0.0067726348166390815,0.01258842802477973,0.001969775186688639,0.9584597933719611,0.5811395831643579,,,,,,13.603350259300107,1253.6806640625,buland-HP-Pavilion-Gaming-Laptop-15-dk1xxx,181fdb70e1c00eccd6a7d8fe217e283eabe50580,"{""amp"": true, ""amp_dtype"": ""fp16"", ""architecture"": {""dropout"": 0.2, ""heads"": 4, ""item_projection"": ""384 -> 128 projection head"", ""max_history"": 50, ""user_id_embedding"": false, ""user_tower"": ""history-only 1-layer self-attention with attention pooling""}, ""base_embeddings"": ""data/embeddings/minilm_frozen"", ""baseline_denominator"": {""history_source"": ""prior"", ""recall50"": 0.09643782978422966, ""run_id"": ""r0b-prior_012"", ""rung"": ""R0b-prior"", ""window_hours"": 12}, ""batch_size"": 2048, ""best_epoch"": 6, ""best_val_recall50"": 0.007105060813528889, ""epochs_completed"": 11, ""epochs_requested"": 20, ""logq_correction"": false, ""logq_method"": null, ""lr"": 0.001, ""patience"": 5, ""recall50_delta_over_baseline"": -0.08966519496759058, ""recall50_multiplier_over_baseline"": 0.07022798866162998, ""retrieval"": {""fallback"": {""empty_window_fraction"": 0.31541174540682415, ""empty_window_queries"": 23073, ""history_source"": ""prior"", ""recall50"": 0.09643782978422966, ""run_id"": ""r0b-prior_012"", ""rung"": ""R0b-prior"", ""window_hours"": 12}, ""index_type"": ""IndexFlatIP"", ""n_fallback_queries"": 2214, ""n_model_queries"": 70938, ""search_batch_size"": 2048, ""top_k"": 200}, ""seed"": 0, ""temperature"": 1.0, ""test_queries"": {""fraction_empty_history_queries"": 0.03026574803149606, ""n_empty_history_queries"": 2214, ""n_nonempty_history_queries"": 70938, ""n_queries"": 73152, ""split"": ""test"", ""test_histories_truncated_to_max_history"": 14363, ""test_histories_with_usable_rows"": 70938, ""test_history_rows"": 2362514, ""test_history_rows_missing_from_corpus"": 0, ""test_mean_usable_history_len"": 24.336110406270265}, ""track_a_diagnostic"": {""evaluated_impressions"": 70938, ""label"": ""OFF-OBJECTIVE DIAGNOSTIC"", ""n_empty_history_impressions_excluded"": 2214, ""n_scored_candidate_rows"": 2658091, ""skipped_degenerate_impressions"": 0}, ""train_examples"": {""fraction_skipped_empty_history"": 0.019085157688675015, ""n_examples"": 185902, ""n_missing_target"": 0, ""n_positive_rows"": 189519, ""n_skipped_empty_history"": 3617, ""split"": ""train"", ""train_histories_truncated_to_max_history"": 24722, ""train_histories_with_usable_rows"": 124229, ""train_history_rows"": 4105966, ""train_history_rows_missing_from_corpus"": 0, ""train_mean_usable_history_len"": 24.10733403633612}, ""val_queries"": {""fraction_empty_history_queries"": 0.02550379914106376, ""n_empty_history_queries"": 772, ""n_nonempty_history_queries"": 29498, ""n_queries"": 30270, ""split"": ""val"", ""val_histories_truncated_to_max_history"": 6026, ""val_histories_with_usable_rows"": 29498, ""val_history_rows"": 1001673, ""val_history_rows_missing_from_corpus"": 0, ""val_mean_usable_history_len"": 24.650789884059936}, ""weight_decay"": 1e-05}",R3 two-tower retrieval; Track A AUC is an off-objective diagnostic; Recall@50 delta over r0b-prior_012 is -0.089665195; SUPERSEDED: temperature=1.0 with normalized embeddings; invalid model-effect interpretation
r4_019,2026-09-07T23:04:00,success,R4,retrieval,minilm_frozen_projection,2048,in_batch,True,128,0,split_v1,full_corpus,0.49999038063670587,0.24293720455402337,0.2169233148449782,0.0003728396541984299,0.0010541162823397075,0.003350712345852602,0.006471496543367443,0.0009270607018583134,0.007204390079401575,0.9982668325531427,,,,,,7.040770037983263,1253.9296875,buland-HP-Pavilion-Gaming-Laptop-15-dk1xxx,d1b97b9638e25ff17a53ed692b46115fc69a691a,"{""amp"": true, ""amp_dtype"": ""fp16"", ""architecture"": {""dropout"": 0.2, ""heads"": 4, ""item_projection"": ""384 -> 128 projection head"", ""max_history"": 50, ""user_id_embedding"": false, ""user_tower"": ""history-only 1-layer self-attention with attention pooling""}, ""base_embeddings"": ""data/embeddings/minilm_frozen"", ""baseline_denominator"": {""history_source"": ""prior"", ""recall50"": 0.09643782978422966, ""run_id"": ""r0b-prior_012"", ""rung"": ""R0b-prior"", ""window_hours"": 12}, ""batch_size"": 2048, ""best_epoch"": 1, ""best_val_recall50"": 0.04932139985677146, ""epochs_completed"": 6, ""epochs_requested"": 20, ""logq_correction"": true, ""logq_method"": ""precomputed_train_click_frequency"", ""lr"": 0.001, ""patience"": 5, ""recall50_delta_over_baseline"": -0.09308711743837705, ""recall50_multiplier_over_baseline"": 0.03474479209403092, ""retrieval"": {""fallback"": {""empty_window_fraction"": 0.31541174540682415, ""empty_window_queries"": 23073, ""history_source"": ""prior"", ""recall50"": 0.09643782978422966, ""run_id"": ""r0b-prior_012"", ""rung"": ""R0b-prior"", ""window_hours"": 12}, ""index_type"": ""IndexFlatIP"", ""n_fallback_queries"": 2214, ""n_model_queries"": 70938, ""search_batch_size"": 2048, ""top_k"": 200}, ""seed"": 0, ""temperature"": 1.0, ""test_queries"": {""fraction_empty_history_queries"": 0.03026574803149606, ""n_empty_history_queries"": 2214, ""n_nonempty_history_queries"": 70938, ""n_queries"": 73152, ""split"": ""test"", ""test_histories_truncated_to_max_history"": 14363, ""test_histories_with_usable_rows"": 70938, ""test_history_rows"": 2362514, ""test_history_rows_missing_from_corpus"": 0, ""test_mean_usable_history_len"": 24.336110406270265}, ""track_a_diagnostic"": {""evaluated_impressions"": 70938, ""label"": ""OFF-OBJECTIVE DIAGNOSTIC"", ""n_empty_history_impressions_excluded"": 2214, ""n_scored_candidate_rows"": 2658091, ""skipped_degenerate_impressions"": 0}, ""train_examples"": {""fraction_skipped_empty_history"": 0.019085157688675015, ""n_examples"": 185902, ""n_missing_target"": 0, ""n_positive_rows"": 189519, ""n_skipped_empty_history"": 3617, ""split"": ""train"", ""train_histories_truncated_to_max_history"": 24722, ""train_histories_with_usable_rows"": 124229, ""train_history_rows"": 4105966, ""train_history_rows_missing_from_corpus"": 0, ""train_mean_usable_history_len"": 24.10733403633612}, ""val_queries"": {""fraction_empty_history_queries"": 0.02550379914106376, ""n_empty_history_queries"": 772, ""n_nonempty_history_queries"": 29498, ""n_queries"": 30270, ""split"": ""val"", ""val_histories_truncated_to_max_history"": 6026, ""val_histories_with_usable_rows"": 29498, ""val_history_rows"": 1001673, ""val_history_rows_missing_from_corpus"": 0, ""val_mean_usable_history_len"": 24.650789884059936}, ""weight_decay"": 1e-05}",R4 two-tower retrieval; Track A AUC is an off-objective diagnostic; Recall@50 delta over r0b-prior_012 is -0.093087117; SUPERSEDED: temperature=1.0 with normalized embeddings; invalid model-effect interpretation
r4_020,2026-09-07T23:20:39,success,R4,retrieval,minilm_frozen_projection,2048,in_batch,True,128,1,split_v1,full_corpus,0.5217352063148913,0.24411993527328868,0.2202432949241163,0.0007216491708559106,0.0017921479433126416,0.0054885388516047965,0.008483582765386405,0.0015886289164601917,0.011251111315490971,0.9973307702528104,,,,,,8.755670681599925,1253.9296875,buland-HP-Pavilion-Gaming-Laptop-15-dk1xxx,d1b97b9638e25ff17a53ed692b46115fc69a691a,"{""amp"": true, ""amp_dtype"": ""fp16"", ""architecture"": {""dropout"": 0.2, ""heads"": 4, ""item_projection"": ""384 -> 128 projection head"", ""max_history"": 50, ""user_id_embedding"": false, ""user_tower"": ""history-only 1-layer self-attention with attention pooling""}, ""base_embeddings"": ""data/embeddings/minilm_frozen"", ""baseline_denominator"": {""history_source"": ""prior"", ""recall50"": 0.09643782978422966, ""run_id"": ""r0b-prior_012"", ""rung"": ""R0b-prior"", ""window_hours"": 12}, ""batch_size"": 2048, ""best_epoch"": 2, ""best_val_recall50"": 0.012267095159155637, ""epochs_completed"": 7, ""epochs_requested"": 20, ""logq_correction"": true, ""logq_method"": ""precomputed_train_click_frequency"", ""lr"": 0.001, ""patience"": 5, ""recall50_delta_over_baseline"": -0.09094929093262485, ""recall50_multiplier_over_baseline"": 0.0569127163467373, ""retrieval"": {""fallback"": {""empty_window_fraction"": 0.31541174540682415, ""empty_window_queries"": 23073, ""history_source"": ""prior"", ""recall50"": 0.09643782978422966, ""run_id"": ""r0b-prior_012"", ""rung"": ""R0b-prior"", ""window_hours"": 12}, ""index_type"": ""IndexFlatIP"", ""n_fallback_queries"": 2214, ""n_model_queries"": 70938, ""search_batch_size"": 2048, ""top_k"": 200}, ""seed"": 1, ""temperature"": 1.0, ""test_queries"": {""fraction_empty_history_queries"": 0.03026574803149606, ""n_empty_history_queries"": 2214, ""n_nonempty_history_queries"": 70938, ""n_queries"": 73152, ""split"": ""test"", ""test_histories_truncated_to_max_history"": 14363, ""test_histories_with_usable_rows"": 70938, ""test_history_rows"": 2362514, ""test_history_rows_missing_from_corpus"": 0, ""test_mean_usable_history_len"": 24.336110406270265}, ""track_a_diagnostic"": {""evaluated_impressions"": 70938, ""label"": ""OFF-OBJECTIVE DIAGNOSTIC"", ""n_empty_history_impressions_excluded"": 2214, ""n_scored_candidate_rows"": 2658091, ""skipped_degenerate_impressions"": 0}, ""train_examples"": {""fraction_skipped_empty_history"": 0.019085157688675015, ""n_examples"": 185902, ""n_missing_target"": 0, ""n_positive_rows"": 189519, ""n_skipped_empty_history"": 3617, ""split"": ""train"", ""train_histories_truncated_to_max_history"": 24722, ""train_histories_with_usable_rows"": 124229, ""train_history_rows"": 4105966, ""train_history_rows_missing_from_corpus"": 0, ""train_mean_usable_history_len"": 24.10733403633612}, ""val_queries"": {""fraction_empty_history_queries"": 0.02550379914106376, ""n_empty_history_queries"": 772, ""n_nonempty_history_queries"": 29498, ""n_queries"": 30270, ""split"": ""val"", ""val_histories_truncated_to_max_history"": 6026, ""val_histories_with_usable_rows"": 29498, ""val_history_rows"": 1001673, ""val_history_rows_missing_from_corpus"": 0, ""val_mean_usable_history_len"": 24.650789884059936}, ""weight_decay"": 1e-05}",R4 two-tower retrieval; Track A AUC is an off-objective diagnostic; Recall@50 delta over r0b-prior_012 is -0.090949291; SUPERSEDED: temperature=1.0 with normalized embeddings; invalid model-effect interpretation
r4_021,2026-09-07T23:41:04,success,R4,retrieval,minilm_frozen_projection,2048,in_batch,True,128,2,split_v1,full_corpus,0.5008237243567117,0.24598219186487083,0.2193868016522815,0.00042974935193929525,0.0011218975232262633,0.0035848085178588783,0.006691348861932031,0.001002836351856884,0.012416076519819737,0.9970788342942539,,,,,,13.429772654049884,1253.9296875,buland-HP-Pavilion-Gaming-Laptop-15-dk1xxx,d1b97b9638e25ff17a53ed692b46115fc69a691a,"{""amp"": true, ""amp_dtype"": ""fp16"", ""architecture"": {""dropout"": 0.2, ""heads"": 4, ""item_projection"": ""384 -> 128 projection head"", ""max_history"": 50, ""user_id_embedding"": false, ""user_tower"": ""history-only 1-layer self-attention with attention pooling""}, ""base_embeddings"": ""data/embeddings/minilm_frozen"", ""baseline_denominator"": {""history_source"": ""prior"", ""recall50"": 0.09643782978422966, ""run_id"": ""r0b-prior_012"", ""rung"": ""R0b-prior"", ""window_hours"": 12}, ""batch_size"": 2048, ""best_epoch"": 2, ""best_val_recall50"": 0.016609654837670296, ""epochs_completed"": 7, ""epochs_requested"": 20, ""logq_correction"": true, ""logq_method"": ""precomputed_train_click_frequency"", ""lr"": 0.001, ""patience"": 5, ""recall50_delta_over_baseline"": -0.09285302126637078, ""recall50_multiplier_over_baseline"": 0.037172223036121214, ""retrieval"": {""fallback"": {""empty_window_fraction"": 0.31541174540682415, ""empty_window_queries"": 23073, ""history_source"": ""prior"", ""recall50"": 0.09643782978422966, ""run_id"": ""r0b-prior_012"", ""rung"": ""R0b-prior"", ""window_hours"": 12}, ""index_type"": ""IndexFlatIP"", ""n_fallback_queries"": 2214, ""n_model_queries"": 70938, ""search_batch_size"": 2048, ""top_k"": 200}, ""seed"": 2, ""temperature"": 1.0, ""test_queries"": {""fraction_empty_history_queries"": 0.03026574803149606, ""n_empty_history_queries"": 2214, ""n_nonempty_history_queries"": 70938, ""n_queries"": 73152, ""split"": ""test"", ""test_histories_truncated_to_max_history"": 14363, ""test_histories_with_usable_rows"": 70938, ""test_history_rows"": 2362514, ""test_history_rows_missing_from_corpus"": 0, ""test_mean_usable_history_len"": 24.336110406270265}, ""track_a_diagnostic"": {""evaluated_impressions"": 70938, ""label"": ""OFF-OBJECTIVE DIAGNOSTIC"", ""n_empty_history_impressions_excluded"": 2214, ""n_scored_candidate_rows"": 2658091, ""skipped_degenerate_impressions"": 0}, ""train_examples"": {""fraction_skipped_empty_history"": 0.019085157688675015, ""n_examples"": 185902, ""n_missing_target"": 0, ""n_positive_rows"": 189519, ""n_skipped_empty_history"": 3617, ""split"": ""train"", ""train_histories_truncated_to_max_history"": 24722, ""train_histories_with_usable_rows"": 124229, ""train_history_rows"": 4105966, ""train_history_rows_missing_from_corpus"": 0, ""train_mean_usable_history_len"": 24.10733403633612}, ""val_queries"": {""fraction_empty_history_queries"": 0.02550379914106376, ""n_empty_history_queries"": 772, ""n_nonempty_history_queries"": 29498, ""n_queries"": 30270, ""split"": ""val"", ""val_histories_truncated_to_max_history"": 6026, ""val_histories_with_usable_rows"": 29498, ""val_history_rows"": 1001673, ""val_history_rows_missing_from_corpus"": 0, ""val_mean_usable_history_len"": 24.650789884059936}, ""weight_decay"": 1e-05}",R4 two-tower retrieval; Track A AUC is an off-objective diagnostic; Recall@50 delta over r0b-prior_012 is -0.092853021; SUPERSEDED: temperature=1.0 with normalized embeddings; invalid model-effect interpretation
r0a_022,2026-09-09T20:16:40,success,R0a,baseline_selection,,,,,,0,split_v1,full_corpus,,,,1.7763981860648147e-05,4.955401387512388e-05,0.009754825617065458,0.012431710454505302,0.0022048501517913715,0.001532848953064165,0.9984671510469358,,,,,,,,,64ce34676618393f99d51ae2ee30f8a21a251669,"{""coverage_gini_k"": 100, ""evaluation_split"": ""val"", ""history_source"": ""train"", ""selection_metric"": ""val_recall50"", ""temperature"": null, ""val_selected"": false, ""window_hours"": null}",Window selection uses validation only; prior variant includes strictly earlier val clicks
r0b_023,2026-09-09T20:18:19,failed,R0b,baseline_selection,,,,,,,,full_corpus,,,,,,,,,,,,,,,,,,,,"{""evaluation_split"": ""val"", ""history_source"": ""train"", ""temperature"": null, ""window_hours"": 6}",First baseline-selection attempt: duplicate history_source keyword in config serialization; fixed before any window selected.
r0a_024,2026-09-09T20:18:38,success,R0a,baseline_selection,,,,,,0,split_v1,full_corpus,,,,1.7763981860648147e-05,4.955401387512388e-05,0.009754825617065458,0.012431710454505302,0.0022048501517913715,0.001532848953064165,0.9984671510469358,,,,,,,,,64ce34676618393f99d51ae2ee30f8a21a251669,"{""coverage_gini_k"": 100, ""evaluation_split"": ""val"", ""history_source"": ""train"", ""selection_metric"": ""val_recall50"", ""temperature"": null, ""val_selected"": false, ""window_hours"": null}",Window selection uses validation only; prior variant includes strictly earlier val clicks
r0b_025,2026-09-09T20:18:47,success,R0b,baseline_selection,,,,,,0,split_v1,full_corpus,,,,0.00843733870742878,0.01565392897305682,0.03541038899066649,0.04797974757687345,0.013107031565462422,0.004797817223090837,0.9981555903264642,,,,,,,,,64ce34676618393f99d51ae2ee30f8a21a251669,"{""coverage_gini_k"": 100, ""empty_window_fraction"": 0.8796828543111992, ""empty_window_queries"": 26628, ""evaluation_split"": ""val"", ""history_source"": ""train"", ""history_splits"": [""train""], ""n_queries"": 30270, ""selection_metric"": ""val_recall50"", ""temperature"": null, ""val_selected"": false, ""window_hours"": 6}",Window selection uses validation only; prior variant includes strictly earlier val clicks
r0b_026,2026-09-09T20:18:57,success,R0b,baseline_selection,,,,,,0,split_v1,full_corpus,,,,0.008111636550546482,0.014664423048962198,0.0657013446854874,0.09363714938293728,0.020449984112715584,0.005426285293847144,0.996933867872755,,,,,,,,,64ce34676618393f99d51ae2ee30f8a21a251669,"{""coverage_gini_k"": 100, ""empty_window_fraction"": 0.4164519326065411, ""empty_window_queries"": 12606, ""evaluation_split"": ""val"", ""history_source"": ""train"", ""history_splits"": [""train""], ""n_queries"": 30270, ""selection_metric"": ""val_recall50"", ""temperature"": null, ""val_selected"": false, ""window_hours"": 12}",Window selection uses validation only; prior variant includes strictly earlier val clicks
r0b_027,2026-09-09T20:19:28,success,R0b,baseline_selection,,,,,,0,split_v1,full_corpus,,,,0.0014314793795532014,0.003419659571790395,0.024512831394645072,0.05826625639401957,0.0064153197205771145,0.005916796958827677,0.9979848244408902,,,,,,,,,64ce34676618393f99d51ae2ee30f8a21a251669,"{""coverage_gini_k"": 100, ""empty_window_fraction"": 0.0, ""empty_window_queries"": 0, ""evaluation_split"": ""val"", ""history_source"": ""train"", ""history_splits"": [""train""], ""n_queries"": 30270, ""selection_metric"": ""val_recall50"", ""temperature"": null, ""val_selected"": false, ""window_hours"": 24}",Window selection uses validation only; prior variant includes strictly earlier val clicks
r0b_028,2026-09-09T20:20:31,success,R0b,baseline_selection,,,,,,0,split_v1,full_corpus,,,,2.5451325071201295e-05,7.598282127518996e-05,0.009313895736095933,0.028682891533647767,0.0021811333366816748,0.002406572856310739,0.998328338970136,,,,,,,,,64ce34676618393f99d51ae2ee30f8a21a251669,"{""coverage_gini_k"": 100, ""empty_window_fraction"": 0.0, ""empty_window_queries"": 0, ""evaluation_split"": ""val"", ""history_source"": ""train"", ""history_splits"": [""train""], ""n_queries"": 30270, ""selection_metric"": ""val_recall50"", ""temperature"": null, ""val_selected"": false, ""window_hours"": 48}",Window selection uses validation only; prior variant includes strictly earlier val clicks
r0a_029,2026-09-09T20:20:48,success,R0a,retrieval,,,,,,0,split_v1,full_corpus,,,,0.0,0.0,0.002425879149345357,0.0029372523528527466,0.0005505650405913912,0.001532848953064165,0.9984671510469358,,,,,,,,,64ce34676618393f99d51ae2ee30f8a21a251669,"{""coverage_gini_k"": 100, ""evaluation_split"": ""test"", ""history_source"": ""train"", ""selection_metric"": ""val_recall50"", ""temperature"": null, ""val_selected"": false, ""window_hours"": null}",Window selection uses validation only; prior variant includes strictly earlier val clicks
r0b_030,2026-09-09T20:21:00,success,R0b,retrieval,,,,,,0,split_v1,full_corpus,,,,0.0,0.0,0.002425879149345357,0.0029372523528527466,0.0005505650405913912,0.001532848953064165,0.9984671510469358,,,,,,,,,64ce34676618393f99d51ae2ee30f8a21a251669,"{""coverage_gini_k"": 100, ""empty_window_fraction"": 1.0, ""empty_window_queries"": 73152, ""evaluation_split"": ""test"", ""history_source"": ""train"", ""history_splits"": [""train""], ""n_queries"": 73152, ""selection_metric"": ""val_recall50"", ""temperature"": null, ""val_selected"": false, ""window_hours"": 6}",Window selection uses validation only; prior variant includes strictly earlier val clicks
r0b_031,2026-09-09T20:21:13,success,R0b,retrieval,,,,,,0,split_v1,full_corpus,,,,0.0,0.0,0.002425879149345357,0.0029372523528527466,0.0005505650405913912,0.001532848953064165,0.9984671510469358,,,,,,,,,64ce34676618393f99d51ae2ee30f8a21a251669,"{""coverage_gini_k"": 100, ""empty_window_fraction"": 1.0, ""empty_window_queries"": 73152, ""evaluation_split"": ""test"", ""history_source"": ""train"", ""history_splits"": [""train""], ""n_queries"": 73152, ""selection_metric"": ""val_recall50"", ""temperature"": null, ""val_selected"": true, ""window_hours"": 12}",Window selection uses validation only; prior variant includes strictly earlier val clicks
r0b_032,2026-09-09T20:21:25,success,R0b,retrieval,,,,,,0,split_v1,full_corpus,,,,0.0,0.0,0.002425879149345357,0.0029372523528527466,0.0005505650405913912,0.001532848953064165,0.9984671510469358,,,,,,,,,64ce34676618393f99d51ae2ee30f8a21a251669,"{""coverage_gini_k"": 100, ""empty_window_fraction"": 1.0, ""empty_window_queries"": 73152, ""evaluation_split"": ""test"", ""history_source"": ""train"", ""history_splits"": [""train""], ""n_queries"": 73152, ""selection_metric"": ""val_recall50"", ""temperature"": null, ""val_selected"": false, ""window_hours"": 24}",Window selection uses validation only; prior variant includes strictly earlier val clicks
r3-sweep_033,2026-09-09T20:22:34,success,R3-sweep,validation_selection,,2048,,False,,0,split_v1,full_corpus,,,,,,,,,,,,,,,,7.8974560897333275,1257.1171875,,64ce34676618393f99d51ae2ee30f8a21a251669,"{""batch_size"": 2048, ""best_epoch"": 3, ""best_val_recall50"": 0.013001621309811695, ""checkpoint"": ""data/embeddings/week34/sweep_t0.02/model.pt"", ""epochs_requested"": 30, ""evaluation_split"": ""val"", ""ln_batch_size"": 7.6246189861593985, ""logq"": false, ""logq_range_diagnostic"": null, ""lr"": 0.001, ""patience"": 5, ""seed"": 0, ""temperature"": 0.02, ""training_history"": [{""epoch"": 1, ""train_loss"": 7.612608363893297, ""val_eval_seconds"": 3.9438678070000606, ""val_recall50"": 0.009406392983245651}, {""epoch"": 2, ""train_loss"": 7.448783334096273, ""val_eval_seconds"": 4.619102414999816, ""val_recall50"": 0.009757333561489775}, {""epoch"": 3, ""train_loss"": 7.387621540493435, ""val_eval_seconds"": 4.823163535000276, ""val_recall50"": 0.013001621309811695}, {""epoch"": 4, ""train_loss"": 7.361666128370497, ""val_eval_seconds"": 8.477199267000287, ""val_recall50"": 0.01251544360822956}, {""epoch"": 5, ""train_loss"": 7.34220871925354, ""val_eval_seconds"": 4.877076560000205, ""val_recall50"": 0.010409342091151028}, {""epoch"": 6, ""train_loss"": 7.326397143469917, ""val_eval_seconds"": 4.545965384000738, ""val_recall50"": 0.011097119068845964}, {""epoch"": 7, ""train_loss"": 7.313600577248467, ""val_eval_seconds"": 4.5559410200003185, ""val_recall50"": 0.010627461185126112}, {""epoch"": 8, ""train_loss"": 7.301328722635905, ""val_eval_seconds"": 4.680352095000671, ""val_recall50"": 0.011711357626334913}]}",Validation only; test labels not evaluated; fp16 + GradScaler
r0b_034,2026-09-09T20:22:46,success,R0b,retrieval,,,,,,0,split_v1,full_corpus,,,,9.877819107319879e-05,0.00022427552230313316,0.003265129534080701,0.007996933451826222,0.0008404508951442085,0.00585548300070511,0.9981170267128366,,,,,,,,,64ce34676618393f99d51ae2ee30f8a21a251669,"{""coverage_gini_k"": 100, ""empty_window_fraction"": 0.0, ""empty_window_queries"": 0, ""evaluation_split"": ""test"", ""history_source"": ""train"", ""history_splits"": [""train""], ""n_queries"": 73152, ""selection_metric"": ""val_recall50"", ""temperature"": null, ""val_selected"": false, ""window_hours"": 48}",Window selection uses validation only; prior variant includes strictly earlier val clicks
r0a-prior_035,2026-09-09T20:28:19,failed,R0a-prior,baseline_selection,,,,,,,,full_corpus,,,,,,,,,,,,,,,,,,,,"{""evaluation_split"": ""val"", ""temperature"": null}","Interrupted before output after repeated full-corpus sorting made prior validation slow; completed rows preserved, unfinished rows resumed with equivalent bounded top-K sorting."
r3-sweep_036,2026-09-09T20:28:24,success,R3-sweep,validation_selection,,2048,,False,,0,split_v1,full_corpus,,,,,,,,,,,,,,,,5.40351438088334,1257.1171875,,64ce34676618393f99d51ae2ee30f8a21a251669,"{""batch_size"": 2048, ""best_epoch"": 1, ""best_val_recall50"": 0.015208227730263124, ""checkpoint"": ""data/embeddings/week34/sweep_t0.05/model.pt"", ""epochs_requested"": 30, ""evaluation_split"": ""val"", ""ln_batch_size"": 7.6246189861593985, ""logq"": false, ""logq_range_diagnostic"": null, ""lr"": 0.001, ""patience"": 5, ""seed"": 0, ""temperature"": 0.05, ""training_history"": [{""epoch"": 1, ""train_loss"": 7.559907727771336, ""val_eval_seconds"": 4.114455947999886, ""val_recall50"": 0.015208227730263124}, {""epoch"": 2, ""train_loss"": 7.399581644270155, ""val_eval_seconds"": 3.9128489069998977, ""val_recall50"": 0.009981735875864291}, {""epoch"": 3, ""train_loss"": 7.365305360158285, ""val_eval_seconds"": 4.159600672000124, ""val_recall50"": 0.01178550480113298}, {""epoch"": 4, ""train_loss"": 7.339109892315335, ""val_eval_seconds"": 4.77271953699983, ""val_recall50"": 0.012941785277197847}, {""epoch"": 5, ""train_loss"": 7.318864075342814, ""val_eval_seconds"": 4.454343153000082, ""val_recall50"": 0.01013865862330165}, {""epoch"": 6, ""train_loss"": 7.304476261138916, ""val_eval_seconds"": 4.197206444000585, ""val_recall50"": 0.012207529401915463}]}",Validation only; test labels not evaluated; fp16 + GradScaler
r0a-prior_037,2026-09-09T20:29:29,success,R0a-prior,baseline_selection,,,,,,0,split_v1,full_corpus,,,,0.002350486603201423,0.007386438748096868,0.0984321504284231,0.21691193163647593,0.022709508874312015,0.001977375149452773,0.9984296857574573,,,,,,,,,64ce34676618393f99d51ae2ee30f8a21a251669,"{""coverage_gini_k"": 100, ""evaluation_split"": ""val"", ""history_source"": ""prior"", ""selection_metric"": ""val_recall50"", ""temperature"": null, ""val_selected"": false, ""window_hours"": null}",Window selection uses validation only; prior variant includes strictly earlier val clicks; SUPERSEDED for selection: prequential validation updates do not match frozen-source test; retained as diagnostic
r0b-prior_038,2026-09-09T20:30:17,success,R0b-prior,baseline_selection,,,,,,0,split_v1,full_corpus,,,,0.15777039574944476,0.27811699715422733,0.5846865535480178,0.7052641736165457,0.23242738778316197,0.006008767896011527,0.9974839134566545,,,,,,,,,64ce34676618393f99d51ae2ee30f8a21a251669,"{""coverage_gini_k"": 100, ""empty_window_fraction"": 0.0, ""empty_window_queries"": 0, ""evaluation_split"": ""val"", ""history_source"": ""prior"", ""history_splits"": [""train"", ""val""], ""n_queries"": 30270, ""selection_metric"": ""val_recall50"", ""temperature"": null, ""val_selected"": false, ""window_hours"": 6}",Window selection uses validation only; prior variant includes strictly earlier val clicks; SUPERSEDED for selection: prequential validation updates do not match frozen-source test; retained as diagnostic
r0b-prior_039,2026-09-09T20:31:10,success,R0b-prior,baseline_selection,,,,,,0,split_v1,full_corpus,,,,0.12010363142537239,0.21444840180781924,0.5146187071571654,0.6516444087114358,0.1923850138717716,0.004721174775437628,0.9979018056251718,,,,,,,,,64ce34676618393f99d51ae2ee30f8a21a251669,"{""coverage_gini_k"": 100, ""empty_window_fraction"": 0.0, ""empty_window_queries"": 0, ""evaluation_split"": ""val"", ""history_source"": ""prior"", ""history_splits"": [""train"", ""val""], ""n_queries"": 30270, ""selection_metric"": ""val_recall50"", ""temperature"": null, ""val_selected"": false, ""window_hours"": 12}",Window selection uses validation only; prior variant includes strictly earlier val clicks; SUPERSEDED for selection: prequential validation updates do not match frozen-source test; retained as diagnostic
r0b-prior_040,2026-09-09T20:32:04,success,R0b-prior,baseline_selection,,,,,,0,split_v1,full_corpus,,,,0.05221820363427406,0.10388686263982512,0.3754122143120075,0.5260114286074449,0.1156788370966184,0.0031423403537815383,0.9979901983348551,,,,,,,,,64ce34676618393f99d51ae2ee30f8a21a251669,"{""coverage_gini_k"": 100, ""empty_window_fraction"": 0.0, ""empty_window_queries"": 0, ""evaluation_split"": ""val"", ""history_source"": ""prior"", ""history_splits"": [""train"", ""val""], ""n_queries"": 30270, ""selection_metric"": ""val_recall50"", ""temperature"": null, ""val_selected"": false, ""window_hours"": 24}",Window selection uses validation only; prior variant includes strictly earlier val clicks; SUPERSEDED for selection: prequential validation updates do not match frozen-source test; retained as diagnostic
r0b-prior_041,2026-09-09T20:33:06,success,R0b-prior,baseline_selection,,,,,,0,split_v1,full_corpus,,,,0.015171121041133932,0.0351981238902211,0.2081133805014531,0.36003339187173805,0.054340704748286665,0.0024832153039639473,0.9982835850269288,,,,,,,,,64ce34676618393f99d51ae2ee30f8a21a251669,"{""coverage_gini_k"": 100, ""empty_window_fraction"": 0.0, ""empty_window_queries"": 0, ""evaluation_split"": ""val"", ""history_source"": ""prior"", ""history_splits"": [""train"", ""val""], ""n_queries"": 30270, ""selection_metric"": ""val_recall50"", ""temperature"": null, ""val_selected"": false, ""window_hours"": 48}",Window selection uses validation only; prior variant includes strictly earlier val clicks; SUPERSEDED for selection: prequential validation updates do not match frozen-source test; retained as diagnostic
r0b-prior_042,2026-09-09T20:33:16,failed,R0b-prior,baseline_selection,,,,,,,,full_corpus,,,,,,,,,,,,,,,,,,,,"{""evaluation_split"": ""val"", ""temperature"": null}",Interrupted prequential validation pass: earlier val-label updates mismatched frozen-source test protocol; completed diagnostics retained as SUPERSEDED for selection. Rerun with all val labels held out.
r0a-prior_043,2026-09-09T20:33:34,success,R0a-prior,baseline_selection,,,,,,0,split_v1,full_corpus,,,,1.7763981860648147e-05,4.955401387512388e-05,0.009754825617065458,0.012431710454505302,0.0022048501517913715,0.001532848953064165,0.9984671510469358,,,,,,,,,64ce34676618393f99d51ae2ee30f8a21a251669,"{""coverage_gini_k"": 100, ""evaluation_split"": ""val"", ""history_source"": ""prior"", ""selection_metric"": ""val_recall50"", ""temperature"": null, ""val_selected"": false, ""validation_label_policy"": ""held-out day frozen; no val labels during val selection"", ""window_hours"": null}",Window selected on held-out val day without val labels; test prior uses train+val only
r0b-prior_044,2026-09-09T20:33:40,success,R0b-prior,baseline_selection,,,,,,0,split_v1,full_corpus,,,,0.00843733870742878,0.01565392897305682,0.03541038899066649,0.04797974757687345,0.013107031565462422,0.004797817223090837,0.9981555903264642,,,,,,,,,64ce34676618393f99d51ae2ee30f8a21a251669,"{""coverage_gini_k"": 100, ""empty_window_fraction"": 0.8796828543111992, ""empty_window_queries"": 26628, ""evaluation_split"": ""val"", ""history_source"": ""prior"", ""history_splits"": [""train""], ""n_queries"": 30270, ""selection_metric"": ""val_recall50"", ""temperature"": null, ""val_selected"": false, ""validation_label_policy"": ""held-out day frozen; no val labels during val selection"", ""window_hours"": 6}",Window selected on held-out val day without val labels; test prior uses train+val only
r0b-prior_045,2026-09-09T20:33:49,success,R0b-prior,baseline_selection,,,,,,0,split_v1,full_corpus,,,,0.008111636550546482,0.014664423048962198,0.0657013446854874,0.09363714938293728,0.020449984112715584,0.005426285293847144,0.996933867872755,,,,,,,,,64ce34676618393f99d51ae2ee30f8a21a251669,"{""coverage_gini_k"": 100, ""empty_window_fraction"": 0.4164519326065411, ""empty_window_queries"": 12606, ""evaluation_split"": ""val"", ""history_source"": ""prior"", ""history_splits"": [""train""], ""n_queries"": 30270, ""selection_metric"": ""val_recall50"", ""temperature"": null, ""val_selected"": false, ""validation_label_policy"": ""held-out day frozen; no val labels during val selection"", ""window_hours"": 12}",Window selected on held-out val day without val labels; test prior uses train+val only
r0b-prior_046,2026-09-09T20:34:08,success,R0b-prior,baseline_selection,,,,,,0,split_v1,full_corpus,,,,0.0014314793795532014,0.003419659571790395,0.024512831394645072,0.05826625639401957,0.0064153197205771145,0.005916796958827677,0.9979848244408902,,,,,,,,,64ce34676618393f99d51ae2ee30f8a21a251669,"{""coverage_gini_k"": 100, ""empty_window_fraction"": 0.0, ""empty_window_queries"": 0, ""evaluation_split"": ""val"", ""history_source"": ""prior"", ""history_splits"": [""train""], ""n_queries"": 30270, ""selection_metric"": ""val_recall50"", ""temperature"": null, ""val_selected"": false, ""validation_label_policy"": ""held-out day frozen; no val labels during val selection"", ""window_hours"": 24}",Window selected on held-out val day without val labels; test prior uses train+val only
r3-sweep_047,2026-09-09T20:34:12,success,R3-sweep,validation_selection,,2048,,False,,0,split_v1,full_corpus,,,,,,,,,,,,,,,,5.409869563366677,1257.1171875,,64ce34676618393f99d51ae2ee30f8a21a251669,"{""batch_size"": 2048, ""best_epoch"": 1, ""best_val_recall50"": 0.013875880204953363, ""checkpoint"": ""data/embeddings/week34/sweep_t0.07/model.pt"", ""epochs_requested"": 30, ""evaluation_split"": ""val"", ""ln_batch_size"": 7.6246189861593985, ""logq"": false, ""logq_range_diagnostic"": null, ""lr"": 0.001, ""patience"": 5, ""seed"": 0, ""temperature"": 0.07, ""training_history"": [{""epoch"": 1, ""train_loss"": 7.551335059271919, ""val_eval_seconds"": 4.116466653000316, ""val_recall50"": 0.013875880204953363}, {""epoch"": 2, ""train_loss"": 7.393613794114855, ""val_eval_seconds"": 4.698969284000668, ""val_recall50"": 0.010832858333536345}, {""epoch"": 3, ""train_loss"": 7.359633424546984, ""val_eval_seconds"": 4.113284162999662, ""val_recall50"": 0.012243956652052116}, {""epoch"": 4, ""train_loss"": 7.335383150312635, ""val_eval_seconds"": 4.072051094999551, ""val_recall50"": 0.009964613982683005}, {""epoch"": 5, ""train_loss"": 7.316260279549493, ""val_eval_seconds"": 4.235971910999979, ""val_recall50"": 0.009722746027749756}, {""epoch"": 6, ""train_loss"": 7.301677555508084, ""val_eval_seconds"": 4.303566296999634, ""val_recall50"": 0.011181510649271175}]}",Validation only; test labels not evaluated; fp16 + GradScaler
r0b-prior_048,2026-09-09T20:34:35,success,R0b-prior,baseline_selection,,,,,,0,split_v1,full_corpus,,,,2.5451325071201295e-05,7.598282127518996e-05,0.009313895736095933,0.028682891533647767,0.0021811333366816748,0.002406572856310739,0.998328338970136,,,,,,,,,64ce34676618393f99d51ae2ee30f8a21a251669,"{""coverage_gini_k"": 100, ""empty_window_fraction"": 0.0, ""empty_window_queries"": 0, ""evaluation_split"": ""val"", ""history_source"": ""prior"", ""history_splits"": [""train""], ""n_queries"": 30270, ""selection_metric"": ""val_recall50"", ""temperature"": null, ""val_selected"": false, ""validation_label_policy"": ""held-out day frozen; no val labels during val selection"", ""window_hours"": 48}",Window selected on held-out val day without val labels; test prior uses train+val only
r0a-prior_049,2026-09-09T20:34:48,success,R0a-prior,retrieval,,,,,,0,split_v1,full_corpus,,,,0.00014894687624412528,0.00041471324330986405,0.005511838298706737,0.00893506660934504,0.001278432331872908,0.001532848953064165,0.9984671510469358,,,,,,,,,64ce34676618393f99d51ae2ee30f8a21a251669,"{""coverage_gini_k"": 100, ""evaluation_split"": ""test"", ""history_source"": ""prior"", ""selection_metric"": ""val_recall50"", ""temperature"": null, ""val_selected"": false, ""validation_label_policy"": ""held-out day frozen; no val labels during val selection"", ""window_hours"": null}",Window selected on held-out val day without val labels; test prior uses train+val only
r0b-prior_050,2026-09-09T20:35:01,success,R0b-prior,retrieval,,,,,,0,split_v1,full_corpus,,,,0.013100055232865237,0.025438545944173017,0.05145083607880611,0.0716158055799721,0.019388945329887882,0.0043686195162328705,0.998096159042111,,,,,,,,,64ce34676618393f99d51ae2ee30f8a21a251669,"{""coverage_gini_k"": 100, ""empty_window_fraction"": 0.8383229440069991, ""empty_window_queries"": 61325, ""evaluation_split"": ""test"", ""history_source"": ""prior"", ""history_splits"": [""train"", ""val""], ""n_queries"": 73152, ""selection_metric"": ""val_recall50"", ""temperature"": null, ""val_selected"": false, ""validation_label_policy"": ""held-out day frozen; no val labels during val selection"", ""window_hours"": 6}",Window selected on held-out val day without val labels; test prior uses train+val only
r0b-prior_051,2026-09-09T20:35:22,success,R0b-prior,retrieval,,,,,,0,split_v1,full_corpus,,,,0.013492529494816318,0.03516796489404079,0.09643782978422966,0.1737861463686949,0.027804014606766406,0.00501241607651982,0.9971085362391845,,,,,,,,,64ce34676618393f99d51ae2ee30f8a21a251669,"{""coverage_gini_k"": 100, ""empty_window_fraction"": 0.31541174540682415, ""empty_window_queries"": 23073, ""evaluation_split"": ""test"", ""history_source"": ""prior"", ""history_splits"": [""train"", ""val""], ""n_queries"": 73152, ""selection_metric"": ""val_recall50"", ""temperature"": null, ""val_selected"": true, ""validation_label_policy"": ""held-out day frozen; no val labels during val selection"", ""window_hours"": 12}",Window selected on held-out val day without val labels; test prior uses train+val only
r0b-prior_052,2026-09-09T20:36:10,success,R0b-prior,retrieval,,,,,,0,split_v1,full_corpus,,,,0.0019306866116319391,0.003881291590445134,0.04007973072178404,0.07759672927451257,0.010084643968556925,0.005441613783377786,0.9981503724638559,,,,,,,,,64ce34676618393f99d51ae2ee30f8a21a251669,"{""coverage_gini_k"": 100, ""empty_window_fraction"": 0.0, ""empty_window_queries"": 0, ""evaluation_split"": ""test"", ""history_source"": ""prior"", ""history_splits"": [""train"", ""val""], ""n_queries"": 73152, ""selection_metric"": ""val_recall50"", ""temperature"": null, ""val_selected"": false, ""validation_label_policy"": ""held-out day frozen; no val labels during val selection"", ""window_hours"": 24}",Window selected on held-out val day without val labels; test prior uses train+val only
r0b-prior_053,2026-09-09T20:37:19,success,R0b-prior,retrieval,,,,,,0,split_v1,full_corpus,,,,0.0010443881607203286,0.0021047607764307238,0.012157856328855125,0.03318778060534125,0.0033692729956220305,0.0023452588981881725,0.9983737791513538,,,,,,,,,64ce34676618393f99d51ae2ee30f8a21a251669,"{""coverage_gini_k"": 100, ""empty_window_fraction"": 0.0, ""empty_window_queries"": 0, ""evaluation_split"": ""test"", ""history_source"": ""prior"", ""history_splits"": [""train"", ""val""], ""n_queries"": 73152, ""selection_metric"": ""val_recall50"", ""temperature"": null, ""val_selected"": false, ""validation_label_policy"": ""held-out day frozen; no val labels during val selection"", ""window_hours"": 48}",Window selected on held-out val day without val labels; test prior uses train+val only
c1_054,2026-09-09T20:38:28,success,C1,retrieval,,,,,,0,split_v1,full_corpus,,,,0.000567498312410661,0.0012249770861975586,0.0038324365270313437,0.006763109097631735,0.0011606438870858783,0.026303688034581073,0.991911888733398,0.03020825191826398,0.003670501443710411,0.07389490376202974,,,,,buland-HP-Pavilion-Gaming-Laptop-15-dk1xxx,64ce34676618393f99d51ae2ee30f8a21a251669,"{""cold_articles_in_raw_training_histories"": {""unseen_in_anything_prior"": 41, ""unseen_in_train"": 61}, ""cold_definitions"": {""unseen_in_anything_prior"": {""cold_recall50_fullcorpus"": 0.0014609880555317995, ""cold_recall50_restricted"": 0.05851661012761671, ""cold_share_topk"": 0.03570784120734908, ""evaluated_queries"": 23386, ""n_cold_articles"": 2483}, ""unseen_in_train"": {""cold_recall50_fullcorpus"": 0.003670501443710411, ""cold_recall50_restricted"": 0.03020825191826398, ""cold_share_topk"": 0.07389490376202974, ""evaluated_queries"": 66149, ""n_cold_articles"": 3810}}, ""cold_query_population"": ""queries with at least one relevant cold click"", ""cold_restricted_pool"": ""test-period shown articles absent from exposure window"", ""cold_share_k"": 50, ""coverage_gini_k"": 100, ""empty_history"": {""fraction_empty_history_queries"": 0.03026574803149606, ""n_empty_history_queries"": 2214, ""n_nonempty_history_queries"": 70938, ""n_queries"": 73152, ""split"": ""test"", ""test_histories_truncated_to_max_history"": 14363, ""test_histories_with_usable_rows"": 70938, ""test_history_rows"": 2362514, ""test_history_rows_missing_from_corpus"": 0, ""test_mean_usable_history_len"": 24.336110406270265}, ""evaluation_split"": ""test"", ""fallback_protocol"": ""validation-selected R0b-prior"", ""index_type"": ""category_sort"", ""method"": ""dominant history category first, train category click count, news_id tie break; no recency proxy"", ""search_batch_size"": null, ""seed"": 0, ""temperature"": null}",; search metadata corrected 2026-09-09; rankings and metrics unchanged
r3-sweep_055,2026-09-09T20:40:00,success,R3-sweep,validation_selection,,2048,,False,,0,split_v1,full_corpus,,,,,,,,,,,,,,,,5.411724565366664,1257.1171875,,64ce34676618393f99d51ae2ee30f8a21a251669,"{""batch_size"": 2048, ""best_epoch"": 1, ""best_val_recall50"": 0.013633221838015382, ""checkpoint"": ""data/embeddings/week34/sweep_t0.1/model.pt"", ""epochs_requested"": 30, ""evaluation_split"": ""val"", ""ln_batch_size"": 7.6246189861593985, ""logq"": false, ""logq_range_diagnostic"": null, ""lr"": 0.001, ""patience"": 5, ""seed"": 0, ""temperature"": 0.1, ""training_history"": [{""epoch"": 1, ""train_loss"": 7.534734943177965, ""val_eval_seconds"": 3.8882307110006877, ""val_recall50"": 0.013633221838015382}, {""epoch"": 2, ""train_loss"": 7.386964437696669, ""val_eval_seconds"": 4.085560806999638, ""val_recall50"": 0.009913112836192365}, {""epoch"": 3, ""train_loss"": 7.352214368184407, ""val_eval_seconds"": 4.376331246999143, ""val_recall50"": 0.01220708301951098}, {""epoch"": 4, ""train_loss"": 7.328200054168701, ""val_eval_seconds"": 4.070559417000368, ""val_recall50"": 0.009388666098443032}, {""epoch"": 5, ""train_loss"": 7.309922753440009, ""val_eval_seconds"": 4.485773864999828, ""val_recall50"": 0.009432920704023828}, {""epoch"": 6, ""train_loss"": 7.295551602045695, ""val_eval_seconds"": 4.20826875000057, ""val_recall50"": 0.010519051879483094}]}",Validation only; test labels not evaluated; fp16 + GradScaler
c2_056,2026-09-09T20:41:56,success,C2,retrieval,,,,,,0,split_v1,full_corpus,,,,0.0018353375709708928,0.0030642455834179916,0.011780859161313557,0.021557129884824278,0.003833854756111662,0.9357123149084889,0.8026933382267156,0.06619952032828745,0.00863733040069795,0.04250656167979003,,,,,buland-HP-Pavilion-Gaming-Laptop-15-dk1xxx,64ce34676618393f99d51ae2ee30f8a21a251669,"{""cold_articles_in_raw_training_histories"": {""unseen_in_anything_prior"": 41, ""unseen_in_train"": 61}, ""cold_definitions"": {""unseen_in_anything_prior"": {""cold_recall50_fullcorpus"": 0.002497933236409248, ""cold_recall50_restricted"": 0.06264399471125717, ""cold_share_topk"": 0.013585684601924759, ""evaluated_queries"": 23386, ""n_cold_articles"": 2483}, ""unseen_in_train"": {""cold_recall50_fullcorpus"": 0.00863733040069795, ""cold_recall50_restricted"": 0.06619952032828745, ""cold_share_topk"": 0.04250656167979003, ""evaluated_queries"": 66149, ""n_cold_articles"": 3810}}, ""cold_query_population"": ""queries with at least one relevant cold click"", ""cold_restricted_pool"": ""test-period shown articles absent from exposure window"", ""cold_share_k"": 50, ""coverage_gini_k"": 100, ""empty_history"": {""fraction_empty_history_queries"": 0.03026574803149606, ""n_empty_history_queries"": 2214, ""n_nonempty_history_queries"": 70938, ""n_queries"": 73152, ""split"": ""test"", ""test_histories_truncated_to_max_history"": 14363, ""test_histories_with_usable_rows"": 70938, ""test_history_rows"": 2362514, ""test_history_rows_missing_from_corpus"": 0, ""test_mean_usable_history_len"": 24.336110406270265}, ""evaluation_split"": ""test"", ""fallback_protocol"": ""validation-selected R0b-prior"", ""fit_articles"": 16978, ""index_type"": ""sparse_exact_cosine"", ""method"": ""cosine of mean history TF-IDF, train-fitted vocabulary, title + abstract"", ""query_batch_size"": 128, ""search_batch_size"": 128, ""seed"": 0, ""temperature"": null, ""vocabulary_fit"": ""training-window articles only"", ""vocabulary_size"": 19227}",; search metadata corrected 2026-09-09; rankings and metrics unchanged
c3_057,2026-09-09T20:42:43,success,C3,retrieval,,,,,,0,split_v1,full_corpus,,,,0.0014791331454747972,0.0030877433723562335,0.011897408917483556,0.02111661920315567,0.0035123586028653433,0.8784910634906037,0.8582551233364063,0.08988189091018443,0.009889940471846471,0.05922517497812774,,,,,buland-HP-Pavilion-Gaming-Laptop-15-dk1xxx,64ce34676618393f99d51ae2ee30f8a21a251669,"{""cold_articles_in_raw_training_histories"": {""unseen_in_anything_prior"": 41, ""unseen_in_train"": 61}, ""cold_definitions"": {""unseen_in_anything_prior"": {""cold_recall50_fullcorpus"": 0.006599389948402177, ""cold_recall50_restricted"": 0.11469270381546956, ""cold_share_topk"": 0.0259076990376203, ""evaluated_queries"": 23386, ""n_cold_articles"": 2483}, ""unseen_in_train"": {""cold_recall50_fullcorpus"": 0.009889940471846471, ""cold_recall50_restricted"": 0.08988189091018443, ""cold_share_topk"": 0.05922517497812774, ""evaluated_queries"": 66149, ""n_cold_articles"": 3810}}, ""cold_query_population"": ""queries with at least one relevant cold click"", ""cold_restricted_pool"": ""test-period shown articles absent from exposure window"", ""cold_share_k"": 50, ""coverage_gini_k"": 100, ""empty_history"": {""fraction_empty_history_queries"": 0.03026574803149606, ""n_empty_history_queries"": 2214, ""n_nonempty_history_queries"": 70938, ""n_queries"": 73152, ""split"": ""test"", ""test_histories_truncated_to_max_history"": 14363, ""test_histories_with_usable_rows"": 70938, ""test_history_rows"": 2362514, ""test_history_rows_missing_from_corpus"": 0, ""test_mean_usable_history_len"": 24.336110406270265}, ""evaluation_split"": ""test"", ""fallback_protocol"": ""validation-selected R0b-prior"", ""index_type"": ""IndexFlatIP"", ""method"": ""frozen MiniLM, normalized mean history, no trained projection or user tower"", ""search_batch_size"": 1024, ""seed"": 0, ""temperature"": null}",
r3-sweep_058,2026-09-09T20:45:51,success,R3-sweep,validation_selection,,2048,,False,,0,split_v1,full_corpus,,,,,,,,,,,,,,,,5.412403588899997,1257.1171875,,64ce34676618393f99d51ae2ee30f8a21a251669,"{""batch_size"": 2048, ""best_epoch"": 1, ""best_val_recall50"": 0.01135820884278407, ""checkpoint"": ""data/embeddings/week34/sweep_t0.2/model.pt"", ""epochs_requested"": 30, ""evaluation_split"": ""val"", ""ln_batch_size"": 7.6246189861593985, ""logq"": false, ""logq_range_diagnostic"": null, ""lr"": 0.001, ""patience"": 5, ""seed"": 0, ""temperature"": 0.2, ""training_history"": [{""epoch"": 1, ""train_loss"": 7.522194390826755, ""val_eval_seconds"": 4.202279543000259, ""val_recall50"": 0.01135820884278407}, {""epoch"": 2, ""train_loss"": 7.382232925626966, ""val_eval_seconds"": 5.081452301999889, ""val_recall50"": 0.006413523327381894}, {""epoch"": 3, ""train_loss"": 7.349460580613878, ""val_eval_seconds"": 3.9874805250001373, ""val_recall50"": 0.009106753831819938}, {""epoch"": 4, ""train_loss"": 7.327521016862657, ""val_eval_seconds"": 4.411783949999517, ""val_recall50"": 0.009967410058094171}, {""epoch"": 5, ""train_loss"": 7.31127806769477, ""val_eval_seconds"": 3.924685954999404, ""val_recall50"": 0.009186710845297867}, {""epoch"": 6, ""train_loss"": 7.298757245805528, ""val_eval_seconds"": 3.7808835840005486, ""val_recall50"": 0.011253671351813597}]}",Validation only; test labels not evaluated; fp16 + GradScaler
r3-sweep_059,2026-09-09T20:56:21,success,R3-sweep,validation_selection,,2048,,False,,0,split_v1,full_corpus,,,,,,,,,,,,,,,,10.135594351149999,1257.1171875,,64ce34676618393f99d51ae2ee30f8a21a251669,"{""batch_size"": 2048, ""best_epoch"": 6, ""best_val_recall50"": 0.007071160210098149, ""checkpoint"": ""data/embeddings/week34/sweep_t1.0/model.pt"", ""epochs_requested"": 30, ""evaluation_split"": ""val"", ""ln_batch_size"": 7.6246189861593985, ""logq"": false, ""logq_range_diagnostic"": null, ""lr"": 0.001, ""patience"": 5, ""seed"": 0, ""temperature"": 1.0, ""training_history"": [{""epoch"": 1, ""train_loss"": 7.526673608356052, ""val_eval_seconds"": 4.079638555999736, ""val_recall50"": 0.005402012880228057}, {""epoch"": 2, ""train_loss"": 7.441927226384481, ""val_eval_seconds"": 3.755598966999969, ""val_recall50"": 0.005391909962300881}, {""epoch"": 3, ""train_loss"": 7.433093457751804, ""val_eval_seconds"": 3.64084926599935, ""val_recall50"": 0.0050229853002038}, {""epoch"": 4, ""train_loss"": 7.429328653547499, ""val_eval_seconds"": 3.6049565710000024, ""val_recall50"": 0.005828166212510619}, {""epoch"": 5, ""train_loss"": 7.426102463404337, ""val_eval_seconds"": 3.7255031679997046, ""val_recall50"": 0.006345862180745607}, {""epoch"": 6, ""train_loss"": 7.4234703487820095, ""val_eval_seconds"": 3.8153554990003613, ""val_recall50"": 0.007071160210098149}, {""epoch"": 7, ""train_loss"": 7.421939420700073, ""val_eval_seconds"": 3.9133604250000644, ""val_recall50"": 0.005839357569725435}, {""epoch"": 8, ""train_loss"": 7.419800207349989, ""val_eval_seconds"": 3.984982515000411, ""val_recall50"": 0.006006992742276195}, {""epoch"": 9, ""train_loss"": 7.4183106051550975, ""val_eval_seconds"": 5.775057013999685, ""val_recall50"": 0.006448949610939959}, {""epoch"": 10, ""train_loss"": 7.4174545447031655, ""val_eval_seconds"": 3.9168801460000395, ""val_recall50"": 0.006566162292563787}, {""epoch"": 11, ""train_loss"": 7.416763273874919, ""val_eval_seconds"": 4.224014635999993, ""val_recall50"": 0.006086269034346575}]}",Validation only; test labels not evaluated; fp16 + GradScaler
r3_060,2026-09-09T21:04:03,success,R3,validation_selection,,2048,,False,,0,split_v1,full_corpus,,,,,,,,,,,,,,,,5.855808568266669,1257.1171875,buland-HP-Pavilion-Gaming-Laptop-15-dk1xxx,64ce34676618393f99d51ae2ee30f8a21a251669,"{""batch_size"": 2048, ""best_epoch"": 1, ""best_val_recall50"": 0.015208227730263124, ""checkpoint"": ""data/embeddings/week34/r3_seed0/model.pt"", ""epochs_requested"": 30, ""evaluation_split"": ""val"", ""ln_batch_size"": 7.6246189861593985, ""logq"": false, ""logq_range_diagnostic"": null, ""lr"": 0.001, ""patience"": 5, ""seed"": 0, ""temperature"": 0.05, ""training_history"": [{""epoch"": 1, ""train_loss"": 7.559907727771336, ""val_eval_seconds"": 4.526035373000013, ""val_recall50"": 0.015208227730263124}, {""epoch"": 2, ""train_loss"": 7.399581644270155, ""val_eval_seconds"": 3.9107031909998113, ""val_recall50"": 0.009981735875864291}, {""epoch"": 3, ""train_loss"": 7.365305360158285, ""val_eval_seconds"": 3.984258460000092, ""val_recall50"": 0.01178550480113298}, {""epoch"": 4, ""train_loss"": 7.339109892315335, ""val_eval_seconds"": 4.317852401999517, ""val_recall50"": 0.012941785277197847}, {""epoch"": 5, ""train_loss"": 7.318864075342814, ""val_eval_seconds"": 4.482183488999908, ""val_recall50"": 0.01013865862330165}, {""epoch"": 6, ""train_loss"": 7.304476261138916, ""val_eval_seconds"": 4.361161011999684, ""val_recall50"": 0.012207529401915463}]}",Validation only; test labels not evaluated; fp16 + GradScaler
r3_061,2026-09-09T21:08:44,success,R3,retrieval,minilm_frozen_projection,2048,in_batch,False,128,0,split_v1,full_corpus,0.6208399182581702,,,0.0011107693439245407,0.002393011079034701,0.008468531186296934,0.014015175983064763,0.0025364504987449455,0.6415739293050062,0.8413280305862104,0.05131265672451201,0.008238202870396857,0.07476159230096238,,,5.855808568266669,1257.1171875,buland-HP-Pavilion-Gaming-Laptop-15-dk1xxx,64ce34676618393f99d51ae2ee30f8a21a251669,"{""architecture"": {""dropout"": 0.2, ""embed_dim"": 128, ""heads"": 4, ""input_dim"": 384, ""max_history"": 50, ""user_id_embedding"": false}, ""base_embeddings"": ""data/embeddings/minilm_frozen"", ""baseline_selection"": {""prior"": {""history_source"": ""prior"", ""recall50"": 0.09643782978422966, ""run_id"": ""r0b-prior_051"", ""rung"": ""R0b-prior"", ""val_recall50"": 0.0657013446854874, ""val_run_id"": ""r0b-prior_045"", ""window_hours"": 12}, ""train"": {""history_source"": ""train"", ""recall50"": 0.002425879149345357, ""run_id"": ""r0b_031"", ""rung"": ""R0b"", ""val_recall50"": 0.0657013446854874, ""val_run_id"": ""r0b_026"", ""window_hours"": 12}}, ""batch_size"": 2048, ""best_epoch"": 1, ""best_val_recall50"": 0.015208227730263124, ""checkpoint"": ""data/embeddings/week34/r3_seed0/model.pt"", ""cold_articles_in_raw_training_histories"": {""unseen_in_anything_prior"": 41, ""unseen_in_train"": 61}, ""cold_definitions"": {""unseen_in_anything_prior"": {""cold_recall50_fullcorpus"": 0.0029779721689411247, ""cold_recall50_restricted"": 0.05429065551360942, ""cold_share_topk"": 0.03432004593175853, ""evaluated_queries"": 23386, ""n_cold_articles"": 2483}, ""unseen_in_train"": {""cold_recall50_fullcorpus"": 0.008238202870396857, ""cold_recall50_restricted"": 0.05131265672451201, ""cold_share_topk"": 0.07476159230096238, ""evaluated_queries"": 66149, ""n_cold_articles"": 3810}}, ""cold_query_population"": ""queries with at least one relevant cold click"", ""cold_restricted_pool"": ""test-period shown articles absent from exposure window"", ""cold_share_k"": 50, ""coverage_gini_k"": 100, ""empty_history"": {""fraction_empty_history_queries"": 0.03026574803149606, ""n_empty_history_queries"": 2214, ""n_nonempty_history_queries"": 70938, ""n_queries"": 73152, ""split"": ""test"", ""test_histories_truncated_to_max_history"": 14363, ""test_histories_with_usable_rows"": 70938, ""test_history_rows"": 2362514, ""test_history_rows_missing_from_corpus"": 0, ""test_mean_usable_history_len"": 24.336110406270265}, ""encoder_seed"": 0, ""epochs_requested"": 30, ""evaluation_split"": ""test"", ""fallback_protocol"": ""validation-selected R0b-prior; identical across models"", ""index_type"": ""IndexFlatIP"", ""ln_batch_size"": 7.6246189861593985, ""logq"": false, ""logq_range_diagnostic"": null, ""lr"": 0.001, ""matched_control"": ""C4 uses corrected R3 seed 0 checkpoint; R5 changes only base embeddings"", ""patience"": 5, ""search_batch_size"": 1024, ""seed"": 0, ""seed_scope"": ""projection and user-tower training"", ""temperature"": 0.05, ""track_a"": {""auc"": 0.6208399182581702, ""evaluated_impressions"": 70938, ""label"": ""OFF-OBJECTIVE DIAGNOSTIC"", ""n_empty_history_impressions_excluded"": 2214, ""n_scored_candidate_rows"": 2658091, ""skipped_degenerate_impressions"": 0}, ""training_history"": [{""epoch"": 1, ""train_loss"": 7.559907727771336, ""val_eval_seconds"": 4.526035373000013, ""val_recall50"": 0.015208227730263124}, {""epoch"": 2, ""train_loss"": 7.399581644270155, ""val_eval_seconds"": 3.9107031909998113, ""val_recall50"": 0.009981735875864291}, {""epoch"": 3, ""train_loss"": 7.365305360158285, ""val_eval_seconds"": 3.984258460000092, ""val_recall50"": 0.01178550480113298}, {""epoch"": 4, ""train_loss"": 7.339109892315335, ""val_eval_seconds"": 4.317852401999517, ""val_recall50"": 0.012941785277197847}, {""epoch"": 5, ""train_loss"": 7.318864075342814, ""val_eval_seconds"": 4.482183488999908, ""val_recall50"": 0.01013865862330165}, {""epoch"": 6, ""train_loss"": 7.304476261138916, ""val_eval_seconds"": 4.361161011999684, ""val_recall50"": 0.012207529401915463}]}",Track A AUC is an OFF-OBJECTIVE DIAGNOSTIC
r4_062,2026-09-09T21:31:34,success,R4,validation_selection,,2048,,True,,0,split_v1,full_corpus,,,,,,,,,,,,,,,,20.725654990733346,1274.703125,buland-HP-Pavilion-Gaming-Laptop-15-dk1xxx,3c03cde7f34c5ff3d8f6add12b3e11607b5cfb2c,"{""batch_size"": 2048, ""best_epoch"": 18, ""best_val_recall50"": 0.016567309422333493, ""checkpoint"": ""data/embeddings/week34/r4_seed0/model.pt"", ""epochs_requested"": 30, ""evaluation_split"": ""val"", ""ln_batch_size"": 7.6246189861593985, ""logq"": true, ""logq_range_diagnostic"": {""exceeds_twice_logit_range"": false, ""logit_range"": 10.124053955078125, ""logq_range"": 8.354438781738281, ""ratio"": 0.8252068606911935}, ""lr"": 0.001, ""patience"": 5, ""seed"": 0, ""temperature"": 0.05, ""training_history"": [{""epoch"": 1, ""train_loss"": 8.957729562123616, ""val_eval_seconds"": 3.8605005520003033, ""val_recall50"": 0.0005315130323605476}, {""epoch"": 2, ""train_loss"": 8.795536507500543, ""val_eval_seconds"": 3.588517626999419, ""val_recall50"": 0.00012882229303681607}, {""epoch"": 3, ""train_loss"": 8.663023620181614, ""val_eval_seconds"": 4.521399049000138, ""val_recall50"": 0.00023173483916585146}, {""epoch"": 4, ""train_loss"": 8.579527939690484, ""val_eval_seconds"": 3.7086560859997917, ""val_recall50"": 0.0002874286876592118}, {""epoch"": 5, ""train_loss"": 8.452589903937445, ""val_eval_seconds"": 3.754097887000171, ""val_recall50"": 0.00398340161883453}, {""epoch"": 6, ""train_loss"": 8.297054470909966, ""val_eval_seconds"": 3.727269294000507, ""val_recall50"": 0.006350834116275841}, {""epoch"": 7, ""train_loss"": 8.173045354419285, ""val_eval_seconds"": 3.7382497710004827, ""val_recall50"": 0.006944336823481172}, {""epoch"": 8, ""train_loss"": 8.013878843519423, ""val_eval_seconds"": 4.409081769000295, ""val_recall50"": 0.00936436906672177}, {""epoch"": 9, ""train_loss"": 7.8700488090515135, ""val_eval_seconds"": 3.5839811380001265, ""val_recall50"": 0.00974498405595429}, {""epoch"": 10, ""train_loss"": 7.773731957541572, ""val_eval_seconds"": 3.71163978200002, ""val_recall50"": 0.010779814651263563}, {""epoch"": 11, ""train_loss"": 7.6844408088260225, ""val_eval_seconds"": 3.6357235510004102, ""val_recall50"": 0.011026347372879343}, {""epoch"": 12, ""train_loss"": 7.630225494172838, ""val_eval_seconds"": 3.64650316999996, ""val_recall50"": 0.011037202790881004}, {""epoch"": 13, ""train_loss"": 7.594266393449572, ""val_eval_seconds"": 3.914190793000671, ""val_recall50"": 0.013336199738667702}, {""epoch"": 14, ""train_loss"": 7.564772356881035, ""val_eval_seconds"": 3.798162604999561, ""val_recall50"": 0.01533305878134341}, {""epoch"": 15, ""train_loss"": 7.542218902375963, ""val_eval_seconds"": 3.56531323299987, ""val_recall50"": 0.01413123149554433}, {""epoch"": 16, ""train_loss"": 7.530259545644125, ""val_eval_seconds"": 3.7318307580007968, ""val_recall50"": 0.01371820914374647}, {""epoch"": 17, ""train_loss"": 7.504802375369602, ""val_eval_seconds"": 3.618705314000181, ""val_recall50"": 0.013999624510082846}, {""epoch"": 18, ""train_loss"": 7.492372820112441, ""val_eval_seconds"": 4.099585833999299, ""val_recall50"": 0.016567309422333493}, {""epoch"": 19, ""train_loss"": 7.478151199552748, ""val_eval_seconds"": 3.7241531029994803, ""val_recall50"": 0.01533261691450382}, {""epoch"": 20, ""train_loss"": 7.473057842254638, ""val_eval_seconds"": 3.534229642000355, ""val_recall50"": 0.014782637573589504}, {""epoch"": 21, ""train_loss"": 7.459912999471029, ""val_eval_seconds"": 3.749556898999799, ""val_recall50"": 0.015951567322846732}, {""epoch"": 22, ""train_loss"": 7.45200514263577, ""val_eval_seconds"": 3.599105421999411, ""val_recall50"": 0.01505638960296903}, {""epoch"": 23, ""train_loss"": 7.440276606877645, ""val_eval_seconds"": 4.315846985999087, ""val_recall50"": 0.01541010607769371}]}",Validation only; test labels not evaluated; fp16 + GradScaler
c4_063,2026-09-09T21:35:21,success,C4,retrieval,minilm_frozen_projection,2048,in_batch,False,128,0,split_v1,full_corpus,0.6208541109970351,,,0.0010964017659728714,0.002393011079034701,0.008482201352526156,0.014001505816835541,0.002524189557096287,0.6415892577945369,0.8413223277519326,0.05130761759567661,0.008253320256903078,0.07475885826771654,,,5.855808568266669,1257.1171875,buland-HP-Pavilion-Gaming-Laptop-15-dk1xxx,3c03cde7f34c5ff3d8f6add12b3e11607b5cfb2c,"{""architecture"": {""dropout"": 0.2, ""embed_dim"": 128, ""heads"": 4, ""input_dim"": 384, ""max_history"": 50, ""user_id_embedding"": false}, ""base_embeddings"": ""data/embeddings/minilm_frozen"", ""baseline_selection"": {""prior"": {""history_source"": ""prior"", ""recall50"": 0.09643782978422966, ""run_id"": ""r0b-prior_051"", ""rung"": ""R0b-prior"", ""val_recall50"": 0.0657013446854874, ""val_run_id"": ""r0b-prior_045"", ""window_hours"": 12}, ""train"": {""history_source"": ""train"", ""recall50"": 0.002425879149345357, ""run_id"": ""r0b_031"", ""rung"": ""R0b"", ""val_recall50"": 0.0657013446854874, ""val_run_id"": ""r0b_026"", ""window_hours"": 12}}, ""batch_size"": 2048, ""best_epoch"": 1, ""best_val_recall50"": 0.015208227730263124, ""checkpoint"": ""data/embeddings/week34/r3_seed0/model.pt"", ""cold_articles_in_raw_training_histories"": {""unseen_in_anything_prior"": 41, ""unseen_in_train"": 61}, ""cold_definitions"": {""unseen_in_anything_prior"": {""cold_recall50_fullcorpus"": 0.0030207327949566894, ""cold_recall50_restricted"": 0.05433341613962498, ""cold_share_topk"": 0.034321686351706036, ""evaluated_queries"": 23386, ""n_cold_articles"": 2483}, ""unseen_in_train"": {""cold_recall50_fullcorpus"": 0.008253320256903078, ""cold_recall50_restricted"": 0.05130761759567661, ""cold_share_topk"": 0.07475885826771654, ""evaluated_queries"": 66149, ""n_cold_articles"": 3810}}, ""cold_query_population"": ""queries with at least one relevant cold click"", ""cold_restricted_pool"": ""test-period shown articles absent from exposure window"", ""cold_share_k"": 50, ""coverage_gini_k"": 100, ""empty_history"": {""fraction_empty_history_queries"": 0.03026574803149606, ""n_empty_history_queries"": 2214, ""n_nonempty_history_queries"": 70938, ""n_queries"": 73152, ""split"": ""test"", ""test_histories_truncated_to_max_history"": 14363, ""test_histories_with_usable_rows"": 70938, ""test_history_rows"": 2362514, ""test_history_rows_missing_from_corpus"": 0, ""test_mean_usable_history_len"": 24.336110406270265}, ""encoder_seed"": 0, ""epochs_requested"": 30, ""evaluation_device"": ""cpu"", ""evaluation_split"": ""test"", ""fallback_protocol"": ""validation-selected R0b-prior; identical across models"", ""index_path"": ""data/index/week34_r3_seed0.faiss"", ""index_type"": ""IndexFlatIP"", ""ln_batch_size"": 7.6246189861593985, ""logq"": false, ""logq_range_diagnostic"": null, ""lr"": 0.001, ""matched_control"": ""C4 uses corrected R3 seed 0 checkpoint; R5 changes only base embeddings"", ""patience"": 5, ""projected_embedding_path"": ""data/embeddings/week34/r3_seed0/item_emb_128.npy"", ""search_batch_size"": 1024, ""seed"": 0, ""seed_scope"": ""projection and user-tower training"", ""temperature"": 0.05, ""track_a"": {""auc"": 0.6208541109970351, ""evaluated_impressions"": 70938, ""label"": ""OFF-OBJECTIVE DIAGNOSTIC"", ""n_empty_history_impressions_excluded"": 2214, ""n_scored_candidate_rows"": 2658091, ""skipped_degenerate_impressions"": 0}, ""training_history"": [{""epoch"": 1, ""train_loss"": 7.559907727771336, ""val_eval_seconds"": 4.526035373000013, ""val_recall50"": 0.015208227730263124}, {""epoch"": 2, ""train_loss"": 7.399581644270155, ""val_eval_seconds"": 3.9107031909998113, ""val_recall50"": 0.009981735875864291}, {""epoch"": 3, ""train_loss"": 7.365305360158285, ""val_eval_seconds"": 3.984258460000092, ""val_recall50"": 0.01178550480113298}, {""epoch"": 4, ""train_loss"": 7.339109892315335, ""val_eval_seconds"": 4.317852401999517, ""val_recall50"": 0.012941785277197847}, {""epoch"": 5, ""train_loss"": 7.318864075342814, ""val_eval_seconds"": 4.482183488999908, ""val_recall50"": 0.01013865862330165}, {""epoch"": 6, ""train_loss"": 7.304476261138916, ""val_eval_seconds"": 4.361161011999684, ""val_recall50"": 0.012207529401915463}]}",Track A AUC is an OFF-OBJECTIVE DIAGNOSTIC; SUPERSEDED for matched comparison: CPU inference diagnostic; final C4 uses CUDA as R3/R5 do
r4_064,2026-09-09T21:59:29,success,R4,validation_selection,,2048,,True,,1,split_v1,full_corpus,,,,,,,,,,,,,,,,27.55560079303335,1274.703125,buland-HP-Pavilion-Gaming-Laptop-15-dk1xxx,3c03cde7f34c5ff3d8f6add12b3e11607b5cfb2c,"{""batch_size"": 2048, ""best_epoch"": 28, ""best_val_recall50"": 0.01891583486386524, ""checkpoint"": ""data/embeddings/week34/r4_seed1/model.pt"", ""epochs_requested"": 30, ""evaluation_split"": ""val"", ""ln_batch_size"": 7.6246189861593985, ""logq"": true, ""logq_range_diagnostic"": {""exceeds_twice_logit_range"": false, ""logit_range"": 9.953372955322266, ""logq_range"": 8.354438781738281, ""ratio"": 0.8393575543927546}, ""lr"": 0.001, ""patience"": 5, ""seed"": 1, ""temperature"": 0.05, ""training_history"": [{""epoch"": 1, ""train_loss"": 8.962534523010254, ""val_eval_seconds"": 3.5171285390006233, ""val_recall50"": 0.002115276580494561}, {""epoch"": 2, ""train_loss"": 8.812741788228353, ""val_eval_seconds"": 5.392798626000513, ""val_recall50"": 0.00019444417539203626}, {""epoch"": 3, ""train_loss"": 8.664013979170058, ""val_eval_seconds"": 4.23998833099904, ""val_recall50"": 0.0002874286876592118}, {""epoch"": 4, ""train_loss"": 8.537508169809977, ""val_eval_seconds"": 4.188578042998415, ""val_recall50"": 0.00023536704667628802}, {""epoch"": 5, ""train_loss"": 8.362725321451823, ""val_eval_seconds"": 3.6271383419989434, ""val_recall50"": 0.006253087376383871}, {""epoch"": 6, ""train_loss"": 8.194678846995036, ""val_eval_seconds"": 3.9369049619999714, ""val_recall50"": 0.007069244403978962}, {""epoch"": 7, ""train_loss"": 8.023959959877862, ""val_eval_seconds"": 4.005286839999826, ""val_recall50"": 0.009431551453044435}, {""epoch"": 8, ""train_loss"": 7.874692810906304, ""val_eval_seconds"": 3.7540401599999313, ""val_recall50"": 0.010216082593023403}, {""epoch"": 9, ""train_loss"": 7.777697875764635, ""val_eval_seconds"": 4.668218673999945, ""val_recall50"": 0.01067438646511804}, {""epoch"": 10, ""train_loss"": 7.6897374735938175, ""val_eval_seconds"": 3.8233457960013766, ""val_recall50"": 0.01014291379061872}, {""epoch"": 11, ""train_loss"": 7.638842158847385, ""val_eval_seconds"": 3.766348500999811, ""val_recall50"": 0.011708974913259949}, {""epoch"": 12, ""train_loss"": 7.618235980139838, ""val_eval_seconds"": 3.933294152999224, ""val_recall50"": 0.01179446753892479}, {""epoch"": 13, ""train_loss"": 7.568272172080146, ""val_eval_seconds"": 4.002866958000595, ""val_recall50"": 0.012670622030578636}, {""epoch"": 14, ""train_loss"": 7.551457627614339, ""val_eval_seconds"": 4.022181364000062, ""val_recall50"": 0.013157161729946324}, {""epoch"": 15, ""train_loss"": 7.528423743777805, ""val_eval_seconds"": 4.078018176000114, ""val_recall50"": 0.014524848442402174}, {""epoch"": 16, ""train_loss"": 7.511003748575846, ""val_eval_seconds"": 4.806437323999489, ""val_recall50"": 0.014065701711898063}, {""epoch"": 17, ""train_loss"": 7.493336953057183, ""val_eval_seconds"": 4.610940321999806, ""val_recall50"": 0.014854592347557974}, {""epoch"": 18, ""train_loss"": 7.486747280756632, ""val_eval_seconds"": 4.835451614999329, ""val_recall50"": 0.016278299205107802}, {""epoch"": 19, ""train_loss"": 7.465059471130371, ""val_eval_seconds"": 3.994200633998844, ""val_recall50"": 0.015766475305681357}, {""epoch"": 20, ""train_loss"": 7.4646109739939375, ""val_eval_seconds"": 3.9889260710006056, ""val_recall50"": 0.01548055745077577}, {""epoch"": 21, ""train_loss"": 7.4452161894904245, ""val_eval_seconds"": 3.6064256289992045, ""val_recall50"": 0.01771547199457566}, {""epoch"": 22, ""train_loss"": 7.444999663035075, ""val_eval_seconds"": 3.74454169099954, ""val_recall50"": 0.015913026929451773}, {""epoch"": 23, ""train_loss"": 7.433015998204549, ""val_eval_seconds"": 3.997980809999717, ""val_recall50"": 0.017062442288728816}, {""epoch"": 24, ""train_loss"": 7.436380916171604, ""val_eval_seconds"": 4.450016861999757, ""val_recall50"": 0.01726834809670934}, {""epoch"": 25, ""train_loss"": 7.423912684122722, ""val_eval_seconds"": 3.689391927999168, ""val_recall50"": 0.018126144277069763}, {""epoch"": 26, ""train_loss"": 7.411767705281576, ""val_eval_seconds"": 3.6123947109990695, ""val_recall50"": 0.01741864284155287}, {""epoch"": 27, ""train_loss"": 7.409668747584025, ""val_eval_seconds"": 3.6219969159992615, ""val_recall50"": 0.01757993976025707}, {""epoch"": 28, ""train_loss"": 7.407504224777222, ""val_eval_seconds"": 3.637779970000338, ""val_recall50"": 0.01891583486386524}, {""epoch"": 29, ""train_loss"": 7.400645277235243, ""val_eval_seconds"": 4.564985155000613, ""val_recall50"": 0.01752649800271673}, {""epoch"": 30, ""train_loss"": 7.397101836734348, ""val_eval_seconds"": 3.680724084999383, ""val_recall50"": 0.01801569374794678}]}",Validation only; test labels not evaluated; fp16 + GradScaler
r4_065,2026-09-09T22:25:09,success,R4,validation_selection,,2048,,True,,2,split_v1,full_corpus,,,,,,,,,,,,,,,,25.293518099583345,1274.703125,buland-HP-Pavilion-Gaming-Laptop-15-dk1xxx,3c03cde7f34c5ff3d8f6add12b3e11607b5cfb2c,"{""batch_size"": 2048, ""best_epoch"": 23, ""best_val_recall50"": 0.019464896613771116, ""checkpoint"": ""data/embeddings/week34/r4_seed2/model.pt"", ""epochs_requested"": 30, ""evaluation_split"": ""val"", ""ln_batch_size"": 7.6246189861593985, ""logq"": true, ""logq_range_diagnostic"": {""exceeds_twice_logit_range"": false, ""logit_range"": 12.096378326416016, ""logq_range"": 8.354438781738281, ""ratio"": 0.6906562076926691}, ""lr"": 0.001, ""patience"": 5, ""seed"": 2, ""temperature"": 0.05, ""training_history"": [{""epoch"": 1, ""train_loss"": 8.971061537000868, ""val_eval_seconds"": 3.5971907610000926, ""val_recall50"": 0.0021577330505054416}, {""epoch"": 2, ""train_loss"": 8.77983906004164, ""val_eval_seconds"": 3.7187670759994944, ""val_recall50"": 0.00018088393401973982}, {""epoch"": 3, ""train_loss"": 8.643215476142036, ""val_eval_seconds"": 4.365653978999035, ""val_recall50"": 0.00018088393401973982}, {""epoch"": 4, ""train_loss"": 8.531018129984538, ""val_eval_seconds"": 3.8820592030006082, ""val_recall50"": 5.206164098292378e-05}, {""epoch"": 5, ""train_loss"": 8.37261601554023, ""val_eval_seconds"": 3.732756583000082, ""val_recall50"": 0.006077611395768559}, {""epoch"": 6, ""train_loss"": 8.18560365041097, ""val_eval_seconds"": 3.8329264160001912, ""val_recall50"": 0.00718341679339035}, {""epoch"": 7, ""train_loss"": 8.017286369535658, ""val_eval_seconds"": 3.556390826999632, ""val_recall50"": 0.010140881221971466}, {""epoch"": 8, ""train_loss"": 7.888051006529066, ""val_eval_seconds"": 3.651853323000978, ""val_recall50"": 0.011045543039237526}, {""epoch"": 9, ""train_loss"": 7.77582049369812, ""val_eval_seconds"": 3.616541145998781, ""val_recall50"": 0.009678556239340021}, {""epoch"": 10, ""train_loss"": 7.694221417109172, ""val_eval_seconds"": 3.882751608000035, ""val_recall50"": 0.01171268576685893}, {""epoch"": 11, ""train_loss"": 7.641515408621894, ""val_eval_seconds"": 3.762345618000836, ""val_recall50"": 0.011272528256730575}, {""epoch"": 12, ""train_loss"": 7.600187555948893, ""val_eval_seconds"": 3.645068944000741, ""val_recall50"": 0.012669415951418123}, {""epoch"": 13, ""train_loss"": 7.568549564149644, ""val_eval_seconds"": 4.486799674999929, ""val_recall50"": 0.01189503947021406}, {""epoch"": 14, ""train_loss"": 7.557227526770697, ""val_eval_seconds"": 3.859667360000458, ""val_recall50"": 0.014630429264048493}, {""epoch"": 15, ""train_loss"": 7.526215351952446, ""val_eval_seconds"": 3.6568473759998597, ""val_recall50"": 0.014386898546417837}, {""epoch"": 16, ""train_loss"": 7.502742396460639, ""val_eval_seconds"": 3.780314116000227, ""val_recall50"": 0.015464937735515402}, {""epoch"": 17, ""train_loss"": 7.498907248179118, ""val_eval_seconds"": 3.6087870610008395, ""val_recall50"": 0.016428647760432964}, {""epoch"": 18, ""train_loss"": 7.474854474597507, ""val_eval_seconds"": 3.879533399000138, ""val_recall50"": 0.01551148624806161}, {""epoch"": 19, ""train_loss"": 7.468689743677775, ""val_eval_seconds"": 3.6785119469986967, ""val_recall50"": 0.016907003986212747}, {""epoch"": 20, ""train_loss"": 7.454753557840983, ""val_eval_seconds"": 3.6133999450012197, ""val_recall50"": 0.016657081204253892}, {""epoch"": 21, ""train_loss"": 7.439827913708157, ""val_eval_seconds"": 3.723715533000359, ""val_recall50"": 0.01673544699851568}, {""epoch"": 22, ""train_loss"": 7.443319691552056, ""val_eval_seconds"": 4.013237655999546, ""val_recall50"": 0.018400904030014476}, {""epoch"": 23, ""train_loss"": 7.428255123562283, ""val_eval_seconds"": 3.620503423999253, ""val_recall50"": 0.019464896613771116}, {""epoch"": 24, ""train_loss"": 7.421224207348294, ""val_eval_seconds"": 4.251285701000597, ""val_recall50"": 0.017030433848099453}, {""epoch"": 25, ""train_loss"": 7.424421983295017, ""val_eval_seconds"": 3.823334913000508, ""val_recall50"": 0.0184841333228512}, {""epoch"": 26, ""train_loss"": 7.416319953070746, ""val_eval_seconds"": 3.852976722000676, ""val_recall50"": 0.01779636222479805}, {""epoch"": 27, ""train_loss"": 7.408876620398628, ""val_eval_seconds"": 3.7451060589992267, ""val_recall50"": 0.018912766819743562}, {""epoch"": 28, ""train_loss"": 7.399470074971517, ""val_eval_seconds"": 3.56467411399899, ""val_recall50"": 0.01875637484873704}]}",Validation only; test labels not evaluated; fp16 + GradScaler
r4_066,2026-09-09T22:27:27,success,R4,retrieval,minilm_frozen_projection,2048,in_batch,True,128,0,split_v1,full_corpus,0.5747215612789656,,,0.0013586149027747848,0.0025079484755911926,0.006771656801902046,0.011605387388687913,0.002371350739680144,0.04584751218614918,0.9951721054063583,0.0678447189404937,0.003659007053238258,0.021656277340332458,,,20.725654990733346,1274.703125,buland-HP-Pavilion-Gaming-Laptop-15-dk1xxx,3c03cde7f34c5ff3d8f6add12b3e11607b5cfb2c,"{""architecture"": {""dropout"": 0.2, ""embed_dim"": 128, ""heads"": 4, ""input_dim"": 384, ""max_history"": 50, ""user_id_embedding"": false}, ""base_embeddings"": ""data/embeddings/minilm_frozen"", ""baseline_selection"": {""prior"": {""history_source"": ""prior"", ""recall50"": 0.09643782978422966, ""run_id"": ""r0b-prior_051"", ""rung"": ""R0b-prior"", ""val_recall50"": 0.0657013446854874, ""val_run_id"": ""r0b-prior_045"", ""window_hours"": 12}, ""train"": {""history_source"": ""train"", ""recall50"": 0.002425879149345357, ""run_id"": ""r0b_031"", ""rung"": ""R0b"", ""val_recall50"": 0.0657013446854874, ""val_run_id"": ""r0b_026"", ""window_hours"": 12}}, ""batch_size"": 2048, ""best_epoch"": 18, ""best_val_recall50"": 0.016567309422333493, ""checkpoint"": ""data/embeddings/week34/r4_seed0/model.pt"", ""cold_articles_in_raw_training_histories"": {""unseen_in_anything_prior"": 41, ""unseen_in_train"": 61}, ""cold_definitions"": {""unseen_in_anything_prior"": {""cold_recall50_fullcorpus"": 0.0002993243821089541, ""cold_recall50_restricted"": 0.052641452829599575, ""cold_share_topk"": 0.004698709536307961, ""evaluated_queries"": 23386, ""n_cold_articles"": 2483}, ""unseen_in_train"": {""cold_recall50_fullcorpus"": 0.003659007053238258, ""cold_recall50_restricted"": 0.0678447189404937, ""cold_share_topk"": 0.021656277340332458, ""evaluated_queries"": 66149, ""n_cold_articles"": 3810}}, ""cold_query_population"": ""queries with at least one relevant cold click"", ""cold_restricted_pool"": ""test-period shown articles absent from exposure window"", ""cold_share_k"": 50, ""corpus_counts"": {""n_articles"": 65238, ""n_never_in_impressions"": 42467, ""n_test_shown"": 5369}, ""coverage_gini_k"": 100, ""empty_history"": {""fraction_empty_history_queries"": 0.03026574803149606, ""n_empty_history_queries"": 2214, ""n_nonempty_history_queries"": 70938, ""n_queries"": 73152, ""split"": ""test"", ""test_histories_truncated_to_max_history"": 14363, ""test_histories_with_usable_rows"": 70938, ""test_history_rows"": 2362514, ""test_history_rows_missing_from_corpus"": 0, ""test_mean_usable_history_len"": 24.336110406270265}, ""encoder_seed"": 0, ""epochs_requested"": 30, ""evaluation_device"": ""cuda"", ""evaluation_split"": ""test"", ""fallback_protocol"": ""validation-selected R0b-prior; identical across models"", ""index_path"": ""data/index/week34_r4_seed0.faiss"", ""index_type"": ""IndexFlatIP"", ""ln_batch_size"": 7.6246189861593985, ""logq"": true, ""logq_range_diagnostic"": {""exceeds_twice_logit_range"": false, ""logit_range"": 10.124053955078125, ""logq_range"": 8.354438781738281, ""ratio"": 0.8252068606911935}, ""lr"": 0.001, ""matched_control"": ""C4 uses corrected R3 seed 0 checkpoint; R5 changes only base embeddings"", ""patience"": 5, ""projected_embedding_path"": ""data/embeddings/week34/r4_seed0/item_emb_128.npy"", ""search_batch_size"": 1024, ""seed"": 0, ""seed_scope"": ""projection and user-tower training"", ""temperature"": 0.05, ""track_a"": {""auc"": 0.5747215612789656, ""evaluated_impressions"": 70938, ""label"": ""OFF-OBJECTIVE DIAGNOSTIC"", ""n_empty_history_impressions_excluded"": 2214, ""n_scored_candidate_rows"": 2658091, ""skipped_degenerate_impressions"": 0}, ""training_history"": [{""epoch"": 1, ""train_loss"": 8.957729562123616, ""val_eval_seconds"": 3.8605005520003033, ""val_recall50"": 0.0005315130323605476}, {""epoch"": 2, ""train_loss"": 8.795536507500543, ""val_eval_seconds"": 3.588517626999419, ""val_recall50"": 0.00012882229303681607}, {""epoch"": 3, ""train_loss"": 8.663023620181614, ""val_eval_seconds"": 4.521399049000138, ""val_recall50"": 0.00023173483916585146}, {""epoch"": 4, ""train_loss"": 8.579527939690484, ""val_eval_seconds"": 3.7086560859997917, ""val_recall50"": 0.0002874286876592118}, {""epoch"": 5, ""train_loss"": 8.452589903937445, ""val_eval_seconds"": 3.754097887000171, ""val_recall50"": 0.00398340161883453}, {""epoch"": 6, ""train_loss"": 8.297054470909966, ""val_eval_seconds"": 3.727269294000507, ""val_recall50"": 0.006350834116275841}, {""epoch"": 7, ""train_loss"": 8.173045354419285, ""val_eval_seconds"": 3.7382497710004827, ""val_recall50"": 0.006944336823481172}, {""epoch"": 8, ""train_loss"": 8.013878843519423, ""val_eval_seconds"": 4.409081769000295, ""val_recall50"": 0.00936436906672177}, {""epoch"": 9, ""train_loss"": 7.8700488090515135, ""val_eval_seconds"": 3.5839811380001265, ""val_recall50"": 0.00974498405595429}, {""epoch"": 10, ""train_loss"": 7.773731957541572, ""val_eval_seconds"": 3.71163978200002, ""val_recall50"": 0.010779814651263563}, {""epoch"": 11, ""train_loss"": 7.6844408088260225, ""val_eval_seconds"": 3.6357235510004102, ""val_recall50"": 0.011026347372879343}, {""epoch"": 12, ""train_loss"": 7.630225494172838, ""val_eval_seconds"": 3.64650316999996, ""val_recall50"": 0.011037202790881004}, {""epoch"": 13, ""train_loss"": 7.594266393449572, ""val_eval_seconds"": 3.914190793000671, ""val_recall50"": 0.013336199738667702}, {""epoch"": 14, ""train_loss"": 7.564772356881035, ""val_eval_seconds"": 3.798162604999561, ""val_recall50"": 0.01533305878134341}, {""epoch"": 15, ""train_loss"": 7.542218902375963, ""val_eval_seconds"": 3.56531323299987, ""val_recall50"": 0.01413123149554433}, {""epoch"": 16, ""train_loss"": 7.530259545644125, ""val_eval_seconds"": 3.7318307580007968, ""val_recall50"": 0.01371820914374647}, {""epoch"": 17, ""train_loss"": 7.504802375369602, ""val_eval_seconds"": 3.618705314000181, ""val_recall50"": 0.013999624510082846}, {""epoch"": 18, ""train_loss"": 7.492372820112441, ""val_eval_seconds"": 4.099585833999299, ""val_recall50"": 0.016567309422333493}, {""epoch"": 19, ""train_loss"": 7.478151199552748, ""val_eval_seconds"": 3.7241531029994803, ""val_recall50"": 0.01533261691450382}, {""epoch"": 20, ""train_loss"": 7.473057842254638, ""val_eval_seconds"": 3.534229642000355, ""val_recall50"": 0.014782637573589504}, {""epoch"": 21, ""train_loss"": 7.459912999471029, ""val_eval_seconds"": 3.749556898999799, ""val_recall50"": 0.015951567322846732}, {""epoch"": 22, ""train_loss"": 7.45200514263577, ""val_eval_seconds"": 3.599105421999411, ""val_recall50"": 0.01505638960296903}, {""epoch"": 23, ""train_loss"": 7.440276606877645, ""val_eval_seconds"": 4.315846985999087, ""val_recall50"": 0.01541010607769371}]}",Track A AUC is an OFF-OBJECTIVE DIAGNOSTIC
r4_067,2026-09-09T22:28:45,success,R4,retrieval,minilm_frozen_projection,2048,in_batch,True,128,1,split_v1,full_corpus,0.5759441738054883,,,0.0016015365136152029,0.0029924419503651787,0.00820459992201708,0.013151083684980068,0.0028448075506603437,0.06555994972255434,0.9942276619727493,0.06882614015885993,0.00473744606724697,0.022548939195100613,,,27.55560079303335,1274.703125,buland-HP-Pavilion-Gaming-Laptop-15-dk1xxx,3c03cde7f34c5ff3d8f6add12b3e11607b5cfb2c,"{""architecture"": {""dropout"": 0.2, ""embed_dim"": 128, ""heads"": 4, ""input_dim"": 384, ""max_history"": 50, ""user_id_embedding"": false}, ""base_embeddings"": ""data/embeddings/minilm_frozen"", ""baseline_selection"": {""prior"": {""history_source"": ""prior"", ""recall50"": 0.09643782978422966, ""run_id"": ""r0b-prior_051"", ""rung"": ""R0b-prior"", ""val_recall50"": 0.0657013446854874, ""val_run_id"": ""r0b-prior_045"", ""window_hours"": 12}, ""train"": {""history_source"": ""train"", ""recall50"": 0.002425879149345357, ""run_id"": ""r0b_031"", ""rung"": ""R0b"", ""val_recall50"": 0.0657013446854874, ""val_run_id"": ""r0b_026"", ""window_hours"": 12}}, ""batch_size"": 2048, ""best_epoch"": 28, ""best_val_recall50"": 0.01891583486386524, ""checkpoint"": ""data/embeddings/week34/r4_seed1/model.pt"", ""cold_articles_in_raw_training_histories"": {""unseen_in_anything_prior"": 41, ""unseen_in_train"": 61}, ""cold_definitions"": {""unseen_in_anything_prior"": {""cold_recall50_fullcorpus"": 0.0012250919353459335, ""cold_recall50_restricted"": 0.05216521484160243, ""cold_share_topk"": 0.005053860454943132, ""evaluated_queries"": 23386, ""n_cold_articles"": 2483}, ""unseen_in_train"": {""cold_recall50_fullcorpus"": 0.00473744606724697, ""cold_recall50_restricted"": 0.06882614015885993, ""cold_share_topk"": 0.022548939195100613, ""evaluated_queries"": 66149, ""n_cold_articles"": 3810}}, ""cold_query_population"": ""queries with at least one relevant cold click"", ""cold_restricted_pool"": ""test-period shown articles absent from exposure window"", ""cold_share_k"": 50, ""corpus_counts"": {""n_articles"": 65238, ""n_never_in_impressions"": 42467, ""n_test_shown"": 5369}, ""coverage_gini_k"": 100, ""empty_history"": {""fraction_empty_history_queries"": 0.03026574803149606, ""n_empty_history_queries"": 2214, ""n_nonempty_history_queries"": 70938, ""n_queries"": 73152, ""split"": ""test"", ""test_histories_truncated_to_max_history"": 14363, ""test_histories_with_usable_rows"": 70938, ""test_history_rows"": 2362514, ""test_history_rows_missing_from_corpus"": 0, ""test_mean_usable_history_len"": 24.336110406270265}, ""encoder_seed"": 0, ""epochs_requested"": 30, ""evaluation_device"": ""cuda"", ""evaluation_split"": ""test"", ""fallback_protocol"": ""validation-selected R0b-prior; identical across models"", ""index_path"": ""data/index/week34_r4_seed1.faiss"", ""index_type"": ""IndexFlatIP"", ""ln_batch_size"": 7.6246189861593985, ""logq"": true, ""logq_range_diagnostic"": {""exceeds_twice_logit_range"": false, ""logit_range"": 9.953372955322266, ""logq_range"": 8.354438781738281, ""ratio"": 0.8393575543927546}, ""lr"": 0.001, ""matched_control"": ""C4 uses corrected R3 seed 0 checkpoint; R5 changes only base embeddings"", ""patience"": 5, ""projected_embedding_path"": ""data/embeddings/week34/r4_seed1/item_emb_128.npy"", ""search_batch_size"": 1024, ""seed"": 1, ""seed_scope"": ""projection and user-tower training"", ""temperature"": 0.05, ""track_a"": {""auc"": 0.5759441738054883, ""evaluated_impressions"": 70938, ""label"": ""OFF-OBJECTIVE DIAGNOSTIC"", ""n_empty_history_impressions_excluded"": 2214, ""n_scored_candidate_rows"": 2658091, ""skipped_degenerate_impressions"": 0}, ""training_history"": [{""epoch"": 1, ""train_loss"": 8.962534523010254, ""val_eval_seconds"": 3.5171285390006233, ""val_recall50"": 0.002115276580494561}, {""epoch"": 2, ""train_loss"": 8.812741788228353, ""val_eval_seconds"": 5.392798626000513, ""val_recall50"": 0.00019444417539203626}, {""epoch"": 3, ""train_loss"": 8.664013979170058, ""val_eval_seconds"": 4.23998833099904, ""val_recall50"": 0.0002874286876592118}, {""epoch"": 4, ""train_loss"": 8.537508169809977, ""val_eval_seconds"": 4.188578042998415, ""val_recall50"": 0.00023536704667628802}, {""epoch"": 5, ""train_loss"": 8.362725321451823, ""val_eval_seconds"": 3.6271383419989434, ""val_recall50"": 0.006253087376383871}, {""epoch"": 6, ""train_loss"": 8.194678846995036, ""val_eval_seconds"": 3.9369049619999714, ""val_recall50"": 0.007069244403978962}, {""epoch"": 7, ""train_loss"": 8.023959959877862, ""val_eval_seconds"": 4.005286839999826, ""val_recall50"": 0.009431551453044435}, {""epoch"": 8, ""train_loss"": 7.874692810906304, ""val_eval_seconds"": 3.7540401599999313, ""val_recall50"": 0.010216082593023403}, {""epoch"": 9, ""train_loss"": 7.777697875764635, ""val_eval_seconds"": 4.668218673999945, ""val_recall50"": 0.01067438646511804}, {""epoch"": 10, ""train_loss"": 7.6897374735938175, ""val_eval_seconds"": 3.8233457960013766, ""val_recall50"": 0.01014291379061872}, {""epoch"": 11, ""train_loss"": 7.638842158847385, ""val_eval_seconds"": 3.766348500999811, ""val_recall50"": 0.011708974913259949}, {""epoch"": 12, ""train_loss"": 7.618235980139838, ""val_eval_seconds"": 3.933294152999224, ""val_recall50"": 0.01179446753892479}, {""epoch"": 13, ""train_loss"": 7.568272172080146, ""val_eval_seconds"": 4.002866958000595, ""val_recall50"": 0.012670622030578636}, {""epoch"": 14, ""train_loss"": 7.551457627614339, ""val_eval_seconds"": 4.022181364000062, ""val_recall50"": 0.013157161729946324}, {""epoch"": 15, ""train_loss"": 7.528423743777805, ""val_eval_seconds"": 4.078018176000114, ""val_recall50"": 0.014524848442402174}, {""epoch"": 16, ""train_loss"": 7.511003748575846, ""val_eval_seconds"": 4.806437323999489, ""val_recall50"": 0.014065701711898063}, {""epoch"": 17, ""train_loss"": 7.493336953057183, ""val_eval_seconds"": 4.610940321999806, ""val_recall50"": 0.014854592347557974}, {""epoch"": 18, ""train_loss"": 7.486747280756632, ""val_eval_seconds"": 4.835451614999329, ""val_recall50"": 0.016278299205107802}, {""epoch"": 19, ""train_loss"": 7.465059471130371, ""val_eval_seconds"": 3.994200633998844, ""val_recall50"": 0.015766475305681357}, {""epoch"": 20, ""train_loss"": 7.4646109739939375, ""val_eval_seconds"": 3.9889260710006056, ""val_recall50"": 0.01548055745077577}, {""epoch"": 21, ""train_loss"": 7.4452161894904245, ""val_eval_seconds"": 3.6064256289992045, ""val_recall50"": 0.01771547199457566}, {""epoch"": 22, ""train_loss"": 7.444999663035075, ""val_eval_seconds"": 3.74454169099954, ""val_recall50"": 0.015913026929451773}, {""epoch"": 23, ""train_loss"": 7.433015998204549, ""val_eval_seconds"": 3.997980809999717, ""val_recall50"": 0.017062442288728816}, {""epoch"": 24, ""train_loss"": 7.436380916171604, ""val_eval_seconds"": 4.450016861999757, ""val_recall50"": 0.01726834809670934}, {""epoch"": 25, ""train_loss"": 7.423912684122722, ""val_eval_seconds"": 3.689391927999168, ""val_recall50"": 0.018126144277069763}, {""epoch"": 26, ""train_loss"": 7.411767705281576, ""val_eval_seconds"": 3.6123947109990695, ""val_recall50"": 0.01741864284155287}, {""epoch"": 27, ""train_loss"": 7.409668747584025, ""val_eval_seconds"": 3.6219969159992615, ""val_recall50"": 0.01757993976025707}, {""epoch"": 28, ""train_loss"": 7.407504224777222, ""val_eval_seconds"": 3.637779970000338, ""val_recall50"": 0.01891583486386524}, {""epoch"": 29, ""train_loss"": 7.400645277235243, ""val_eval_seconds"": 4.564985155000613, ""val_recall50"": 0.01752649800271673}, {""epoch"": 30, ""train_loss"": 7.397101836734348, ""val_eval_seconds"": 3.680724084999383, ""val_recall50"": 0.01801569374794678}]}",Track A AUC is an OFF-OBJECTIVE DIAGNOSTIC
r4_068,2026-09-09T22:30:04,success,R4,retrieval,minilm_frozen_projection,2048,in_batch,True,128,2,split_v1,full_corpus,0.5760933946742199,,,0.0016435060742438442,0.0028253051818709625,0.008553180011599684,0.014457607875099069,0.0030086054680572264,0.057849719488641586,0.9946780260454976,0.09180331469174693,0.005406388377806173,0.022764107611548557,,,25.293518099583345,1274.703125,buland-HP-Pavilion-Gaming-Laptop-15-dk1xxx,3c03cde7f34c5ff3d8f6add12b3e11607b5cfb2c,"{""architecture"": {""dropout"": 0.2, ""embed_dim"": 128, ""heads"": 4, ""input_dim"": 384, ""max_history"": 50, ""user_id_embedding"": false}, ""base_embeddings"": ""data/embeddings/minilm_frozen"", ""baseline_selection"": {""prior"": {""history_source"": ""prior"", ""recall50"": 0.09643782978422966, ""run_id"": ""r0b-prior_051"", ""rung"": ""R0b-prior"", ""val_recall50"": 0.0657013446854874, ""val_run_id"": ""r0b-prior_045"", ""window_hours"": 12}, ""train"": {""history_source"": ""train"", ""recall50"": 0.002425879149345357, ""run_id"": ""r0b_031"", ""rung"": ""R0b"", ""val_recall50"": 0.0657013446854874, ""val_run_id"": ""r0b_026"", ""window_hours"": 12}}, ""batch_size"": 2048, ""best_epoch"": 23, ""best_val_recall50"": 0.019464896613771116, ""checkpoint"": ""data/embeddings/week34/r4_seed2/model.pt"", ""cold_articles_in_raw_training_histories"": {""unseen_in_anything_prior"": 41, ""unseen_in_train"": 61}, ""cold_definitions"": {""unseen_in_anything_prior"": {""cold_recall50_fullcorpus"": 0.0002016876193734143, ""cold_recall50_restricted"": 0.0464721126056968, ""cold_share_topk"": 0.0038175306211723535, ""evaluated_queries"": 23386, ""n_cold_articles"": 2483}, ""unseen_in_train"": {""cold_recall50_fullcorpus"": 0.005406388377806173, ""cold_recall50_restricted"": 0.09180331469174693, ""cold_share_topk"": 0.022764107611548557, ""evaluated_queries"": 66149, ""n_cold_articles"": 3810}}, ""cold_query_population"": ""queries with at least one relevant cold click"", ""cold_restricted_pool"": ""test-period shown articles absent from exposure window"", ""cold_share_k"": 50, ""corpus_counts"": {""n_articles"": 65238, ""n_never_in_impressions"": 42467, ""n_test_shown"": 5369}, ""coverage_gini_k"": 100, ""empty_history"": {""fraction_empty_history_queries"": 0.03026574803149606, ""n_empty_history_queries"": 2214, ""n_nonempty_history_queries"": 70938, ""n_queries"": 73152, ""split"": ""test"", ""test_histories_truncated_to_max_history"": 14363, ""test_histories_with_usable_rows"": 70938, ""test_history_rows"": 2362514, ""test_history_rows_missing_from_corpus"": 0, ""test_mean_usable_history_len"": 24.336110406270265}, ""encoder_seed"": 0, ""epochs_requested"": 30, ""evaluation_device"": ""cuda"", ""evaluation_split"": ""test"", ""fallback_protocol"": ""validation-selected R0b-prior; identical across models"", ""index_path"": ""data/index/week34_r4_seed2.faiss"", ""index_type"": ""IndexFlatIP"", ""ln_batch_size"": 7.6246189861593985, ""logq"": true, ""logq_range_diagnostic"": {""exceeds_twice_logit_range"": false, ""logit_range"": 12.096378326416016, ""logq_range"": 8.354438781738281, ""ratio"": 0.6906562076926691}, ""lr"": 0.001, ""matched_control"": ""C4 uses corrected R3 seed 0 checkpoint; R5 changes only base embeddings"", ""patience"": 5, ""projected_embedding_path"": ""data/embeddings/week34/r4_seed2/item_emb_128.npy"", ""search_batch_size"": 1024, ""seed"": 2, ""seed_scope"": ""projection and user-tower training"", ""temperature"": 0.05, ""track_a"": {""auc"": 0.5760933946742199, ""evaluated_impressions"": 70938, ""label"": ""OFF-OBJECTIVE DIAGNOSTIC"", ""n_empty_history_impressions_excluded"": 2214, ""n_scored_candidate_rows"": 2658091, ""skipped_degenerate_impressions"": 0}, ""training_history"": [{""epoch"": 1, ""train_loss"": 8.971061537000868, ""val_eval_seconds"": 3.5971907610000926, ""val_recall50"": 0.0021577330505054416}, {""epoch"": 2, ""train_loss"": 8.77983906004164, ""val_eval_seconds"": 3.7187670759994944, ""val_recall50"": 0.00018088393401973982}, {""epoch"": 3, ""train_loss"": 8.643215476142036, ""val_eval_seconds"": 4.365653978999035, ""val_recall50"": 0.00018088393401973982}, {""epoch"": 4, ""train_loss"": 8.531018129984538, ""val_eval_seconds"": 3.8820592030006082, ""val_recall50"": 5.206164098292378e-05}, {""epoch"": 5, ""train_loss"": 8.37261601554023, ""val_eval_seconds"": 3.732756583000082, ""val_recall50"": 0.006077611395768559}, {""epoch"": 6, ""train_loss"": 8.18560365041097, ""val_eval_seconds"": 3.8329264160001912, ""val_recall50"": 0.00718341679339035}, {""epoch"": 7, ""train_loss"": 8.017286369535658, ""val_eval_seconds"": 3.556390826999632, ""val_recall50"": 0.010140881221971466}, {""epoch"": 8, ""train_loss"": 7.888051006529066, ""val_eval_seconds"": 3.651853323000978, ""val_recall50"": 0.011045543039237526}, {""epoch"": 9, ""train_loss"": 7.77582049369812, ""val_eval_seconds"": 3.616541145998781, ""val_recall50"": 0.009678556239340021}, {""epoch"": 10, ""train_loss"": 7.694221417109172, ""val_eval_seconds"": 3.882751608000035, ""val_recall50"": 0.01171268576685893}, {""epoch"": 11, ""train_loss"": 7.641515408621894, ""val_eval_seconds"": 3.762345618000836, ""val_recall50"": 0.011272528256730575}, {""epoch"": 12, ""train_loss"": 7.600187555948893, ""val_eval_seconds"": 3.645068944000741, ""val_recall50"": 0.012669415951418123}, {""epoch"": 13, ""train_loss"": 7.568549564149644, ""val_eval_seconds"": 4.486799674999929, ""val_recall50"": 0.01189503947021406}, {""epoch"": 14, ""train_loss"": 7.557227526770697, ""val_eval_seconds"": 3.859667360000458, ""val_recall50"": 0.014630429264048493}, {""epoch"": 15, ""train_loss"": 7.526215351952446, ""val_eval_seconds"": 3.6568473759998597, ""val_recall50"": 0.014386898546417837}, {""epoch"": 16, ""train_loss"": 7.502742396460639, ""val_eval_seconds"": 3.780314116000227, ""val_recall50"": 0.015464937735515402}, {""epoch"": 17, ""train_loss"": 7.498907248179118, ""val_eval_seconds"": 3.6087870610008395, ""val_recall50"": 0.016428647760432964}, {""epoch"": 18, ""train_loss"": 7.474854474597507, ""val_eval_seconds"": 3.879533399000138, ""val_recall50"": 0.01551148624806161}, {""epoch"": 19, ""train_loss"": 7.468689743677775, ""val_eval_seconds"": 3.6785119469986967, ""val_recall50"": 0.016907003986212747}, {""epoch"": 20, ""train_loss"": 7.454753557840983, ""val_eval_seconds"": 3.6133999450012197, ""val_recall50"": 0.016657081204253892}, {""epoch"": 21, ""train_loss"": 7.439827913708157, ""val_eval_seconds"": 3.723715533000359, ""val_recall50"": 0.01673544699851568}, {""epoch"": 22, ""train_loss"": 7.443319691552056, ""val_eval_seconds"": 4.013237655999546, ""val_recall50"": 0.018400904030014476}, {""epoch"": 23, ""train_loss"": 7.428255123562283, ""val_eval_seconds"": 3.620503423999253, ""val_recall50"": 0.019464896613771116}, {""epoch"": 24, ""train_loss"": 7.421224207348294, ""val_eval_seconds"": 4.251285701000597, ""val_recall50"": 0.017030433848099453}, {""epoch"": 25, ""train_loss"": 7.424421983295017, ""val_eval_seconds"": 3.823334913000508, ""val_recall50"": 0.0184841333228512}, {""epoch"": 26, ""train_loss"": 7.416319953070746, ""val_eval_seconds"": 3.852976722000676, ""val_recall50"": 0.01779636222479805}, {""epoch"": 27, ""train_loss"": 7.408876620398628, ""val_eval_seconds"": 3.7451060589992267, ""val_recall50"": 0.018912766819743562}, {""epoch"": 28, ""train_loss"": 7.399470074971517, ""val_eval_seconds"": 3.56467411399899, ""val_recall50"": 0.01875637484873704}]}",Track A AUC is an OFF-OBJECTIVE DIAGNOSTIC
c4_069,2026-09-09T22:32:40,success,C4,retrieval,minilm_frozen_projection,2048,in_batch,False,128,0,split_v1,full_corpus,0.6208399182581702,,,0.0011107693439245407,0.002393011079034701,0.008468531186296934,0.014015175983064763,0.0025364504987449455,0.6415739293050062,0.8413280305862104,0.05131265672451201,0.008238202870396857,0.07476159230096238,,,5.855808568266669,1257.1171875,buland-HP-Pavilion-Gaming-Laptop-15-dk1xxx,3c03cde7f34c5ff3d8f6add12b3e11607b5cfb2c,"{""architecture"": {""dropout"": 0.2, ""embed_dim"": 128, ""heads"": 4, ""input_dim"": 384, ""max_history"": 50, ""user_id_embedding"": false}, ""base_embeddings"": ""data/embeddings/minilm_frozen"", ""baseline_selection"": {""prior"": {""history_source"": ""prior"", ""recall50"": 0.09643782978422966, ""run_id"": ""r0b-prior_051"", ""rung"": ""R0b-prior"", ""val_recall50"": 0.0657013446854874, ""val_run_id"": ""r0b-prior_045"", ""window_hours"": 12}, ""train"": {""history_source"": ""train"", ""recall50"": 0.002425879149345357, ""run_id"": ""r0b_031"", ""rung"": ""R0b"", ""val_recall50"": 0.0657013446854874, ""val_run_id"": ""r0b_026"", ""window_hours"": 12}}, ""batch_size"": 2048, ""best_epoch"": 1, ""best_val_recall50"": 0.015208227730263124, ""checkpoint"": ""data/embeddings/week34/r3_seed0/model.pt"", ""cold_articles_in_raw_training_histories"": {""unseen_in_anything_prior"": 41, ""unseen_in_train"": 61}, ""cold_definitions"": {""unseen_in_anything_prior"": {""cold_recall50_fullcorpus"": 0.0029779721689411247, ""cold_recall50_restricted"": 0.05429065551360942, ""cold_share_topk"": 0.03432004593175853, ""evaluated_queries"": 23386, ""n_cold_articles"": 2483}, ""unseen_in_train"": {""cold_recall50_fullcorpus"": 0.008238202870396857, ""cold_recall50_restricted"": 0.05131265672451201, ""cold_share_topk"": 0.07476159230096238, ""evaluated_queries"": 66149, ""n_cold_articles"": 3810}}, ""cold_query_population"": ""queries with at least one relevant cold click"", ""cold_restricted_pool"": ""test-period shown articles absent from exposure window"", ""cold_share_k"": 50, ""corpus_counts"": {""n_articles"": 65238, ""n_never_in_impressions"": 42467, ""n_test_shown"": 5369}, ""coverage_gini_k"": 100, ""empty_history"": {""fraction_empty_history_queries"": 0.03026574803149606, ""n_empty_history_queries"": 2214, ""n_nonempty_history_queries"": 70938, ""n_queries"": 73152, ""split"": ""test"", ""test_histories_truncated_to_max_history"": 14363, ""test_histories_with_usable_rows"": 70938, ""test_history_rows"": 2362514, ""test_history_rows_missing_from_corpus"": 0, ""test_mean_usable_history_len"": 24.336110406270265}, ""encoder_seed"": 0, ""epochs_requested"": 30, ""evaluation_device"": ""cuda"", ""evaluation_split"": ""test"", ""fallback_protocol"": ""validation-selected R0b-prior; identical across models"", ""index_path"": ""data/index/week34_r3_seed0.faiss"", ""index_type"": ""IndexFlatIP"", ""ln_batch_size"": 7.6246189861593985, ""logq"": false, ""logq_range_diagnostic"": null, ""lr"": 0.001, ""matched_control"": ""C4 uses corrected R3 seed 0 checkpoint; R5 changes only base embeddings"", ""patience"": 5, ""projected_embedding_path"": ""data/embeddings/week34/r3_seed0/item_emb_128.npy"", ""search_batch_size"": 1024, ""seed"": 0, ""seed_scope"": ""projection and user-tower training"", ""temperature"": 0.05, ""track_a"": {""auc"": 0.6208399182581702, ""evaluated_impressions"": 70938, ""label"": ""OFF-OBJECTIVE DIAGNOSTIC"", ""n_empty_history_impressions_excluded"": 2214, ""n_scored_candidate_rows"": 2658091, ""skipped_degenerate_impressions"": 0}, ""training_history"": [{""epoch"": 1, ""train_loss"": 7.559907727771336, ""val_eval_seconds"": 4.526035373000013, ""val_recall50"": 0.015208227730263124}, {""epoch"": 2, ""train_loss"": 7.399581644270155, ""val_eval_seconds"": 3.9107031909998113, ""val_recall50"": 0.009981735875864291}, {""epoch"": 3, ""train_loss"": 7.365305360158285, ""val_eval_seconds"": 3.984258460000092, ""val_recall50"": 0.01178550480113298}, {""epoch"": 4, ""train_loss"": 7.339109892315335, ""val_eval_seconds"": 4.317852401999517, ""val_recall50"": 0.012941785277197847}, {""epoch"": 5, ""train_loss"": 7.318864075342814, ""val_eval_seconds"": 4.482183488999908, ""val_recall50"": 0.01013865862330165}, {""epoch"": 6, ""train_loss"": 7.304476261138916, ""val_eval_seconds"": 4.361161011999684, ""val_recall50"": 0.012207529401915463}]}",Track A AUC is an OFF-OBJECTIVE DIAGNOSTIC
